,id,rn,pre_since_opened_0,pre_since_opened_1,pre_since_opened_2,pre_since_opened_3,pre_since_opened_4,pre_since_opened_5,pre_since_opened_6,pre_since_opened_7,pre_since_opened_8,pre_since_opened_9,pre_since_opened_10,pre_since_opened_11,pre_since_opened_12,pre_since_opened_13,pre_since_opened_14,pre_since_opened_15,pre_since_opened_16,pre_since_opened_17,pre_since_opened_18,pre_since_opened_19,pre_since_confirmed_0,pre_since_confirmed_1,pre_since_confirmed_2,pre_since_confirmed_3,pre_since_confirmed_4,pre_since_confirmed_5,pre_since_confirmed_6,pre_since_confirmed_7,pre_since_confirmed_8,pre_since_confirmed_9,pre_since_confirmed_10,pre_since_confirmed_11,pre_since_confirmed_12,pre_since_confirmed_13,pre_since_confirmed_14,pre_since_confirmed_15,pre_since_confirmed_16,pre_since_confirmed_17,pre_pterm_0,pre_pterm_1,pre_pterm_2,pre_pterm_3,pre_pterm_4,pre_pterm_5,pre_pterm_6,pre_pterm_7,pre_pterm_8,pre_pterm_9,pre_pterm_10,pre_pterm_11,pre_pterm_12,pre_pterm_13,pre_pterm_14,pre_pterm_15,pre_pterm_16,pre_pterm_17,pre_fterm_0,pre_fterm_1,pre_fterm_2,pre_fterm_3,pre_fterm_4,pre_fterm_5,pre_fterm_6,pre_fterm_7,pre_fterm_8,pre_fterm_9,pre_fterm_10,pre_fterm_11,pre_fterm_12,pre_fterm_13,pre_fterm_14,pre_fterm_15,pre_fterm_16,pre_till_pclose_0,pre_till_pclose_1,pre_till_pclose_2,pre_till_pclose_3,pre_till_pclose_4,pre_till_pclose_5,pre_till_pclose_6,pre_till_pclose_7,pre_till_pclose_8,pre_till_pclose_9,pre_till_pclose_10,pre_till_pclose_11,pre_till_pclose_12,pre_till_pclose_13,pre_till_pclose_14,pre_till_pclose_15,pre_till_pclose_16,pre_till_fclose_0,pre_till_fclose_1,pre_till_fclose_2,pre_till_fclose_3,pre_till_fclose_4,pre_till_fclose_5,pre_till_fclose_6,pre_till_fclose_7,pre_till_fclose_8,pre_till_fclose_9,pre_till_fclose_10,pre_till_fclose_11,pre_till_fclose_12,pre_till_fclose_13,pre_till_fclose_14,pre_till_fclose_15,pre_loans_credit_limit_0,pre_loans_credit_limit_1,pre_loans_credit_limit_2,pre_loans_credit_limit_3,pre_loans_credit_limit_4,pre_loans_credit_limit_5,pre_loans_credit_limit_6,pre_loans_credit_limit_7,pre_loans_credit_limit_8,pre_loans_credit_limit_9,pre_loans_credit_limit_10,pre_loans_credit_limit_11,pre_loans_credit_limit_12,pre_loans_credit_limit_13,pre_loans_credit_limit_14,pre_loans_credit_limit_15,pre_loans_credit_limit_16,pre_loans_credit_limit_17,pre_loans_credit_limit_18,pre_loans_credit_limit_19,pre_loans_next_pay_summ_0,pre_loans_next_pay_summ_1,pre_loans_next_pay_summ_2,pre_loans_next_pay_summ_3,pre_loans_next_pay_summ_4,pre_loans_next_pay_summ_5,pre_loans_next_pay_summ_6,pre_loans_outstanding_1,pre_loans_outstanding_2,pre_loans_outstanding_3,pre_loans_outstanding_4,pre_loans_outstanding_5,pre_loans_total_overdue_0,pre_loans_max_overdue_sum_1,pre_loans_max_overdue_sum_2,pre_loans_max_overdue_sum_3,pre_loans_credit_cost_rate_0,pre_loans_credit_cost_rate_1,pre_loans_credit_cost_rate_2,pre_loans_credit_cost_rate_3,pre_loans_credit_cost_rate_4,pre_loans_credit_cost_rate_5,pre_loans_credit_cost_rate_6,pre_loans_credit_cost_rate_7,pre_loans_credit_cost_rate_8,pre_loans_credit_cost_rate_9,pre_loans_credit_cost_rate_10,pre_loans_credit_cost_rate_11,pre_loans_credit_cost_rate_12,pre_loans_credit_cost_rate_13,pre_loans5_0,pre_loans5_1,pre_loans5_2,pre_loans5_3,pre_loans5_5,pre_loans5_6,pre_loans5_7,pre_loans5_13,pre_loans5_16,pre_loans530_0,pre_loans530_1,pre_loans530_2,pre_loans530_3,pre_loans530_4,pre_loans530_6,pre_loans530_7,pre_loans530_10,pre_loans530_11,pre_loans530_12,pre_loans530_13,pre_loans530_14,pre_loans530_15,pre_loans530_16,pre_loans530_18,pre_loans530_19,pre_loans3060_1,pre_loans3060_2,pre_loans3060_5,pre_loans3060_7,pre_loans3060_8,pre_loans3060_9,pre_loans6090_1,pre_loans6090_2,pre_loans6090_3,pre_loans6090_4,pre_loans90_2,pre_loans90_8,pre_loans90_13,pre_loans90_14,pre_loans90_19,is_zero_loans5_0,is_zero_loans5_1,is_zero_loans530_0,is_zero_loans530_1,is_zero_loans3060_0,is_zero_loans3060_1,is_zero_loans6090_0,is_zero_loans6090_1,is_zero_loans90_0,is_zero_loans90_1,pre_util_0,pre_util_1,pre_util_2,pre_util_3,pre_util_4,pre_util_5,pre_util_6,pre_util_7,pre_util_8,pre_util_9,pre_util_10,pre_util_11,pre_util_12,pre_util_13,pre_util_14,pre_util_15,pre_util_16,pre_util_17,pre_util_18,pre_util_19,pre_over2limit_0,pre_over2limit_1,pre_over2limit_2,pre_over2limit_3,pre_over2limit_4,pre_over2limit_5,pre_over2limit_6,pre_over2limit_7,pre_over2limit_8,pre_over2limit_9,pre_over2limit_10,pre_over2limit_11,pre_over2limit_12,pre_over2limit_13,pre_over2limit_14,pre_over2limit_15,pre_over2limit_16,pre_over2limit_17,pre_over2limit_18,pre_over2limit_19,pre_maxover2limit_0,pre_maxover2limit_1,pre_maxover2limit_2,pre_maxover2limit_3,pre_maxover2limit_4,pre_maxover2limit_5,pre_maxover2limit_6,pre_maxover2limit_7,pre_maxover2limit_8,pre_maxover2limit_9,pre_maxover2limit_10,pre_maxover2limit_11,pre_maxover2limit_12,pre_maxover2limit_13,pre_maxover2limit_14,pre_maxover2limit_15,pre_maxover2limit_16,pre_maxover2limit_17,pre_maxover2limit_18,pre_maxover2limit_19,is_zero_util_0,is_zero_util_1,is_zero_over2limit_0,is_zero_over2limit_1,is_zero_maxover2limit_0,is_zero_maxover2limit_1,enc_paym_0_0,enc_paym_0_1,enc_paym_0_2,enc_paym_0_3,enc_paym_1_0,enc_paym_1_1,enc_paym_1_2,enc_paym_1_3,enc_paym_2_0,enc_paym_2_1,enc_paym_2_2,enc_paym_2_3,enc_paym_3_0,enc_paym_3_1,enc_paym_3_2,enc_paym_3_3,enc_paym_4_0,enc_paym_4_1,enc_paym_4_2,enc_paym_4_3,enc_paym_5_0,enc_paym_5_1,enc_paym_5_2,enc_paym_5_3,enc_paym_6_0,enc_paym_6_1,enc_paym_6_2,enc_paym_6_3,enc_paym_7_0,enc_paym_7_1,enc_paym_7_2,enc_paym_7_3,enc_paym_8_0,enc_paym_8_1,enc_paym_8_2,enc_paym_8_3,enc_paym_9_0,enc_paym_9_1,enc_paym_9_2,enc_paym_9_3,enc_paym_10_0,enc_paym_10_1,enc_paym_10_2,enc_paym_10_3,enc_paym_11_1,enc_paym_11_2,enc_paym_11_3,enc_paym_11_4,enc_paym_12_0,enc_paym_12_1,enc_paym_12_2,enc_paym_12_3,enc_paym_13_0,enc_paym_13_1,enc_paym_13_2,enc_paym_13_3,enc_paym_14_0,enc_paym_14_1,enc_paym_14_2,enc_paym_14_3,enc_paym_15_0,enc_paym_15_1,enc_paym_15_2,enc_paym_15_3,enc_paym_16_0,enc_paym_16_1,enc_paym_16_2,enc_paym_16_3,enc_paym_17_0,enc_paym_17_1,enc_paym_17_2,enc_paym_17_3,enc_paym_18_0,enc_paym_18_1,enc_paym_18_2,enc_paym_18_3,enc_paym_19_0,enc_paym_19_1,enc_paym_19_2,enc_paym_19_3,enc_paym_20_1,enc_paym_20_2,enc_paym_20_3,enc_paym_20_4,enc_paym_21_0,enc_paym_21_1,enc_paym_21_2,enc_paym_21_3,enc_paym_22_0,enc_paym_22_1,enc_paym_22_2,enc_paym_22_3,enc_paym_23_0,enc_paym_23_1,enc_paym_23_2,enc_paym_23_3,enc_paym_24_1,enc_paym_24_2,enc_paym_24_3,enc_paym_24_4,enc_loans_account_holder_type_0,enc_loans_account_holder_type_1,enc_loans_account_holder_type_2,enc_loans_account_holder_type_3,enc_loans_account_holder_type_4,enc_loans_account_holder_type_5,enc_loans_account_holder_type_6,enc_loans_credit_status_0,enc_loans_credit_status_1,enc_loans_credit_status_2,enc_loans_credit_status_3,enc_loans_credit_status_4,enc_loans_credit_status_5,enc_loans_credit_status_6,enc_loans_credit_type_0,enc_loans_credit_type_1,enc_loans_credit_type_2,enc_loans_credit_type_3,enc_loans_credit_type_4,enc_loans_credit_type_5,enc_loans_account_cur_0,enc_loans_account_cur_1,enc_loans_account_cur_2,enc_loans_account_cur_3,pclose_flag_0,pclose_flag_1,fclose_flag_0,fclose_flag_1,pre_loans_total_overdue_1,pre_loans_max_overdue_sum_0,pre_loans5_8,pre_loans5_9,pre_loans90_10,enc_loans_credit_type_6,enc_loans_credit_type_7,pre_loans5_11,pre_loans3060_0,pre_loans3060_3,pre_loans3060_4,pre_loans3060_6,pre_loans6090_0,pre_loans90_3,pre_loans5_10,pre_loans530_5,pre_loans530_8,pre_loans530_9,pre_loans530_17,flag
0,838,66,1,0,0,0,0,1,4,0,0,0,1,0,0,0,0,0,0,0,3,1,1,0,0,2,1,1,0,0,2,0,0,1,0,2,0,0,0,1,0,1,0,0,0,0,0,0,1,2,0,3,2,1,0,0,0,1,0,0,1,0,0,0,0,0,1,0,1,1,2,1,1,1,2,0,0,2,0,0,3,0,0,0,0,0,2,0,3,1,0,0,1,0,0,2,0,1,1,0,0,0,3,1,1,0,0,1,1,0,0,1,0,0,0,2,0,0,0,0,0,4,2,0,0,1,0,0,0,0,11,0,0,0,0,1,0,10,0,0,11,0,10,1,0,0,8,0,1,0,0,1,0,1,0,0,0,0,0,0,0,0,0,11,0,0,0,0,0,0,0,0,0,0,0,0,0,0,0,0,11,0,0,0,0,11,0,0,0,0,0,0,11,0,11,0,0,0,3,8,2,9,1,10,0,11,0,11,0,0,0,1,0,0,0,0,0,2,0,0,0,0,0,0,8,0,0,0,0,0,9,0,0,2,0,0,0,0,0,0,0,0,0,0,0,0,0,0,0,0,0,1,2,0,0,0,0,0,0,0,0,0,0,0,0,8,0,0,3,8,2,9,3,8,10,0,1,0,8,1,1,1,8,2,0,1,9,1,0,1,9,0,0,2,7,1,0,3,7,1,0,3,7,0,0,4,5,2,0,4,6,1,0,4,7,0,0,4,6,1,0,4,5,0,0,6,3,1,0,7,4,0,0,7,4,0,0,7,4,0,0,7,4,0,0,7,4,0,0,7,4,0,0,7,3,0,0,8,2,0,0,9,2,0,0,9,2,0,0,9,2,0,0,9,0,11,0,0,0,0,0,0,0,1,10,0,0,0,0,2,0,4,5,0,0,11,0,0,11,0,10,1,0.0,0.0,0.0,0.0,0.0,0.0,0.0,0.0,0.0,0.0,0.0,0.0,0.0,0.0,0.0,0.0,0.0,0.0,0.0,1
1,34,171,0,1,0,0,1,1,2,3,1,0,2,1,0,3,0,0,0,1,2,0,0,0,0,1,0,0,0,0,0,15,0,1,0,0,1,0,0,0,0,4,1,0,5,0,0,1,0,1,1,1,0,1,3,0,0,0,4,0,0,0,0,0,5,0,2,1,0,1,0,2,2,0,1,0,6,0,1,1,1,0,1,0,0,2,2,0,1,2,0,1,1,0,0,1,1,3,1,3,1,1,3,2,0,0,1,0,2,0,1,1,0,2,0,1,1,1,2,1,1,2,1,2,0,0,0,0,2,2,4,4,2,3,1,1,0,14,2,1,18,0,18,0,0,1,0,2,3,0,0,0,3,2,0,7,0,0,0,0,0,0,0,18,0,0,0,0,0,0,0,0,0,0,0,0,0,0,0,0,18,0,0,0,0,18,0,0,0,0,0,0,18,0,18,0,0,0,0,18,0,18,0,18,0,18,0,18,1,0,0,0,0,0,0,0,0,0,0,0,0,1,0,0,14,0,1,1,0,0,18,0,0,0,0,0,0,0,0,0,0,0,0,0,0,0,0,0,0,0,0,0,0,0,0,0,0,0,0,0,0,0,0,0,0,18,0,0,4,14,0,18,0,18,18,0,0,0,18,0,0,0,18,0,0,0,18,0,0,0,18,0,0,0,18,0,0,0,15,0,0,3,10,0,0,8,9,0,0,9,8,0,0,10,8,0,0,10,6,0,0,12,5,0,0,13,4,0,0,14,4,0,0,14,4,0,0,14,4,0,0,14,4,0,0,14,4,0,0,14,4,0,0,14,4,0,0,14,4,0,0,14,4,0,0,14,3,0,0,15,0,0,0,18,0,18,0,0,0,0,0,0,0,4,14,0,0,0,0,0,0,3,15,0,0,18,0,0,13,5,16,2,0.0,0.0,0.0,0.0,0.0,0.0,0.0,0.0,0.0,0.0,0.0,0.0,0.0,0.0,0.0,0.0,0.0,0.0,0.0,0
2,1403,28,0,1,0,0,0,1,0,0,1,0,0,0,1,0,0,0,2,0,0,1,0,0,0,0,1,0,0,2,0,3,0,0,1,0,0,0,0,0,0,0,0,0,3,0,1,1,1,0,0,0,0,0,0,1,0,0,0,1,0,0,0,0,1,0,3,0,1,0,0,0,0,1,0,1,3,0,0,3,0,0,0,0,0,0,0,0,0,0,0,0,0,1,0,0,1,0,0,0,0,2,0,3,0,0,0,0,0,0,0,0,1,1,0,0,0,0,0,1,1,1,0,0,1,0,0,1,1,1,4,1,0,0,0,0,0,4,2,1,7,1,6,0,0,0,0,0,4,2,0,0,0,1,0,0,0,0,0,0,0,0,0,7,0,0,0,0,0,0,0,0,0,0,0,0,0,0,0,0,7,0,0,0,0,7,0,0,0,0,0,0,7,0,7,0,0,0,0,7,0,7,0,7,0,7,1,6,0,1,0,0,0,0,0,0,0,1,0,0,0,1,0,1,3,0,0,0,0,0,6,0,0,1,0,0,0,0,0,0,0,0,0,0,0,0,0,0,0,0,0,0,1,1,0,0,0,0,0,0,0,0,0,0,0,5,0,0,4,3,1,6,2,5,6,0,0,1,4,0,0,3,3,0,0,4,2,0,0,5,2,0,0,5,1,0,0,6,1,0,0,6,1,0,0,6,1,0,0,6,0,0,0,7,0,0,0,7,0,0,0,7,0,0,0,7,0,0,0,7,0,0,0,7,0,0,0,7,0,0,0,7,0,0,1,6,0,1,0,6,1,0,0,6,0,0,0,7,0,0,0,7,0,0,0,7,0,0,0,7,0,0,0,7,0,7,0,0,0,0,0,0,0,3,4,0,0,0,0,0,0,3,4,0,0,7,0,0,4,3,4,3,0.0,0.0,0.0,0.0,0.0,0.0,0.0,0.0,0.0,0.0,0.0,0.0,0.0,0.0,0.0,0.0,0.0,0.0,0.0,1
3,1204,15,0,0,0,0,0,0,2,0,1,0,0,0,1,0,0,0,0,0,0,1,0,0,0,1,0,0,2,0,0,0,1,1,0,0,0,0,0,0,0,0,0,0,1,0,0,0,0,1,1,0,0,1,1,0,0,0,0,0,1,0,0,0,0,1,1,0,0,0,1,1,0,0,0,0,1,0,2,0,0,0,0,0,0,2,0,0,0,0,0,0,0,0,0,0,2,1,0,0,0,0,1,1,0,0,0,0,0,0,0,1,0,0,0,0,1,0,0,1,0,0,0,0,0,1,0,1,0,1,2,0,2,0,0,0,1,3,1,0,5,0,5,0,1,1,2,0,0,0,0,1,0,0,0,0,0,0,0,0,0,0,0,5,0,0,0,0,0,0,0,0,0,0,0,0,0,0,0,0,5,0,0,0,0,5,0,0,0,0,0,0,5,0,5,0,0,0,0,5,0,5,0,5,0,5,0,5,0,0,0,0,0,1,0,0,0,0,0,0,1,0,0,0,3,0,0,0,0,0,5,0,0,0,0,0,0,0,0,0,0,0,0,0,0,0,0,0,0,0,0,0,0,0,0,0,0,0,0,0,0,0,0,0,0,5,0,0,2,3,0,5,0,5,4,0,0,1,4,0,0,1,3,0,0,2,2,0,0,3,2,0,0,3,2,0,0,3,2,0,0,3,2,0,0,3,2,0,0,3,2,0,0,3,1,0,0,4,1,0,0,4,0,0,0,5,0,0,0,5,0,0,0,5,0,0,0,5,0,0,0,5,0,0,0,5,0,0,0,5,0,0,0,5,0,0,0,5,0,0,0,5,0,0,0,5,0,0,0,5,0,0,0,5,0,5,0,0,0,0,0,0,0,3,2,0,0,0,0,1,0,3,1,0,0,5,0,0,4,1,4,1,0.0,0.0,0.0,0.0,0.0,0.0,0.0,0.0,0.0,0.0,0.0,0.0,0.0,0.0,0.0,0.0,0.0,0.0,0.0,1
4,644,6,0,0,0,0,0,0,1,1,0,0,0,0,0,0,0,0,0,0,1,0,1,0,0,0,0,0,1,0,0,0,0,1,0,0,0,0,0,0,0,0,1,0,0,0,1,0,0,0,0,0,0,0,1,0,0,0,0,0,0,0,0,0,0,0,2,0,1,0,0,0,0,0,0,1,0,0,0,0,0,0,0,1,0,0,0,1,0,0,0,0,0,0,0,0,0,0,0,0,1,0,0,2,0,0,0,0,0,0,0,0,0,0,0,0,0,0,1,0,0,1,1,0,0,0,0,0,0,1,2,0,0,0,0,0,1,2,0,0,3,1,1,1,0,0,2,1,0,0,0,0,0,0,0,0,0,0,0,0,0,0,0,3,0,0,0,0,0,0,0,0,0,0,0,0,0,0,0,0,3,0,0,0,0,3,0,0,0,0,0,0,3,0,3,0,0,0,0,3,1,2,0,3,0,3,0,3,0,0,0,0,0,0,0,0,0,0,0,1,0,0,0,0,2,0,0,0,0,0,3,0,0,0,0,0,0,0,0,0,0,0,0,0,0,0,0,0,0,0,0,0,0,0,0,0,0,1,0,0,0,0,0,0,0,2,0,0,1,2,0,3,2,1,2,1,0,0,1,1,0,1,1,1,0,1,2,0,0,1,2,0,0,1,1,0,0,2,1,0,0,2,1,0,0,2,1,0,0,2,1,0,0,2,1,0,0,2,1,0,0,2,1,0,0,2,1,0,0,2,1,0,0,2,1,0,0,2,1,0,0,2,1,0,0,2,1,0,0,2,1,0,0,2,1,0,0,2,1,0,0,2,1,0,0,2,1,0,0,2,1,0,0,2,0,3,0,0,0,0,0,0,0,3,0,0,0,0,0,0,0,1,2,0,0,3,0,0,3,0,1,2,0.0,0.0,0.0,0.0,0.0,0.0,0.0,0.0,0.0,0.0,0.0,0.0,0.0,0.0,0.0,0.0,0.0,0.0,0.0,1
5,1240,6,0,0,0,0,0,0,0,1,0,0,0,1,1,0,0,0,0,0,0,0,0,0,0,0,0,0,0,0,0,0,1,0,0,1,0,0,1,0,0,0,0,0,0,0,0,0,0,0,0,0,0,0,1,0,2,0,0,0,0,0,0,0,0,1,1,1,0,0,0,0,0,0,0,0,0,1,0,0,0,0,0,0,0,1,0,1,0,0,0,0,0,0,0,0,1,0,1,0,0,0,0,1,0,0,0,0,1,0,0,0,0,0,1,0,0,0,0,0,0,0,0,0,0,1,0,0,1,0,2,0,0,0,0,1,1,1,0,0,3,0,3,0,2,0,0,0,1,0,0,0,0,0,0,0,0,0,0,0,0,0,0,3,0,0,0,0,0,0,0,0,0,0,0,0,0,0,0,0,3,0,0,0,0,3,0,0,0,0,0,0,3,0,3,0,0,0,1,2,0,3,0,3,0,3,0,3,0,0,0,1,0,0,1,0,0,0,0,0,0,0,0,0,1,0,0,0,0,0,3,0,0,0,0,0,0,0,0,0,0,0,0,0,0,0,0,0,0,0,0,0,0,0,0,0,0,0,0,0,0,0,0,0,0,3,0,0,2,1,0,3,0,3,3,0,0,0,2,0,0,1,1,1,0,1,2,0,0,1,1,1,0,1,1,1,0,1,1,1,0,1,1,0,0,2,1,0,0,2,1,0,0,2,1,0,0,2,1,0,0,2,1,0,0,2,0,0,0,3,0,0,0,3,0,0,0,3,0,0,0,3,0,0,0,3,0,0,0,3,0,0,0,3,0,0,0,3,0,0,0,3,0,0,0,3,0,0,0,3,0,0,0,3,0,3,0,0,0,0,0,0,0,2,1,0,0,0,0,1,0,0,2,0,0,3,0,0,3,0,2,1,0.0,0.0,0.0,0.0,0.0,0.0,0.0,0.0,0.0,0.0,0.0,0.0,0.0,0.0,0.0,0.0,0.0,0.0,0.0,1
6,859,6,0,0,1,0,1,0,0,0,0,0,0,0,0,0,0,0,0,0,0,1,0,0,0,0,0,0,1,0,1,1,0,0,0,0,0,0,0,0,0,0,0,0,1,0,0,0,1,0,0,0,0,0,1,0,0,0,0,0,0,0,0,0,1,1,1,0,0,0,0,0,0,0,0,0,1,0,0,0,1,0,0,0,0,1,0,0,0,0,0,0,0,0,0,0,0,0,0,1,1,0,0,1,0,0,0,0,0,0,0,0,0,0,0,1,1,0,0,0,0,1,0,0,0,0,0,0,1,0,1,1,0,0,0,0,0,1,0,2,3,0,2,1,0,0,1,0,0,1,0,1,0,0,0,0,0,0,0,0,0,0,0,3,0,0,0,0,0,0,0,0,0,0,0,0,0,0,0,0,3,0,0,0,0,3,0,0,0,0,0,0,3,0,3,0,0,0,0,3,2,1,0,3,0,3,0,3,0,0,0,1,0,0,0,0,0,0,0,0,0,0,0,1,1,0,0,0,0,0,3,0,0,0,0,0,0,0,0,0,0,0,0,0,0,0,0,0,0,0,0,0,0,0,0,0,0,0,0,1,0,0,0,0,0,2,0,0,2,1,0,3,1,2,2,1,0,0,2,1,0,0,3,0,0,0,2,0,0,1,1,1,0,1,2,0,0,1,1,1,0,1,1,0,0,2,1,0,0,2,1,0,0,2,1,0,0,2,1,0,0,2,1,0,0,2,1,0,0,2,0,0,0,3,0,0,0,3,0,0,0,3,0,0,0,3,0,0,0,3,0,0,0,3,0,0,0,3,0,0,0,3,0,0,0,3,0,0,0,3,0,0,0,3,0,3,0,0,0,0,0,0,0,2,1,0,0,0,0,0,0,1,2,0,0,3,0,0,2,1,2,1,0.0,0.0,0.0,0.0,0.0,0.0,0.0,0.0,0.0,0.0,0.0,0.0,0.0,0.0,0.0,0.0,0.0,0.0,0.0,1
7,1143,45,0,1,0,0,3,0,0,0,0,0,0,0,0,0,0,2,0,0,2,1,0,0,0,0,0,2,0,2,1,1,0,0,0,2,0,0,1,0,0,0,1,0,1,0,0,0,1,1,0,1,0,3,1,0,0,0,3,0,0,0,0,0,1,0,3,0,0,0,1,0,1,0,0,0,2,1,0,0,2,1,0,0,1,1,0,0,0,0,0,1,0,1,0,0,0,0,0,0,0,0,2,3,1,1,0,1,0,0,0,1,0,0,1,0,0,0,0,0,2,0,0,0,0,0,2,3,0,0,9,0,0,0,0,0,0,9,0,0,9,0,7,2,0,0,0,0,6,0,0,1,0,2,0,0,0,0,0,0,0,0,0,9,0,0,0,0,0,0,0,0,0,0,0,0,0,0,0,0,9,0,0,0,0,9,0,0,0,0,0,0,9,0,9,0,0,0,4,5,3,6,4,5,3,6,2,7,0,0,0,1,0,0,0,0,0,0,0,0,0,0,0,0,8,0,0,0,0,0,9,0,0,0,0,0,0,0,0,0,0,0,0,0,0,0,0,0,0,0,0,2,0,0,0,0,0,0,0,0,0,0,0,0,0,7,0,0,1,8,0,9,2,7,6,2,0,1,5,2,1,1,6,1,0,2,4,1,0,4,3,2,1,3,3,3,0,3,3,2,0,4,2,3,0,4,4,1,1,3,5,1,0,3,4,0,0,5,3,0,0,6,2,0,0,7,2,0,0,7,2,0,0,7,2,0,0,7,2,0,0,7,2,0,0,7,1,0,0,8,1,0,1,7,1,1,0,7,1,1,0,7,2,0,0,7,1,1,0,7,0,1,0,8,0,9,0,0,0,0,0,0,0,3,6,0,0,0,0,2,0,3,4,0,0,9,0,0,8,1,6,3,0.0,0.0,0.0,0.0,0.0,0.0,0.0,0.0,0.0,0.0,0.0,0.0,0.0,0.0,0.0,0.0,0.0,0.0,0.0,1
8,39,10,0,0,1,0,1,0,2,0,0,0,0,0,0,0,0,0,0,0,0,0,0,0,0,1,0,0,0,0,1,1,0,0,1,0,0,0,0,0,0,0,1,0,1,0,0,0,0,0,0,0,0,0,1,0,0,1,0,0,0,1,0,0,0,0,1,0,1,0,0,0,0,0,1,0,1,0,0,0,1,0,0,0,0,1,0,0,0,0,0,1,0,0,0,0,0,0,0,1,0,0,0,1,1,0,1,0,0,0,0,0,1,0,0,0,0,1,0,0,0,0,1,0,1,0,0,0,0,0,3,1,0,0,0,0,0,4,0,0,4,0,4,0,1,0,0,1,2,0,0,0,0,0,0,0,0,0,0,0,0,0,0,4,0,0,0,0,0,0,0,0,0,0,0,0,0,0,0,0,4,0,0,0,0,4,0,0,0,0,0,0,4,0,4,0,0,0,0,4,0,4,0,4,0,4,0,4,0,0,0,0,0,0,0,0,0,1,0,0,0,0,0,0,3,0,0,0,0,0,3,0,0,1,0,0,0,0,0,0,0,0,0,0,0,0,0,0,0,0,0,0,1,0,0,0,0,0,0,0,0,0,0,0,0,3,0,0,1,3,1,3,1,3,4,0,0,0,3,0,0,1,3,0,0,1,3,0,0,1,3,0,0,1,3,0,0,1,3,0,0,1,3,0,0,1,3,0,0,1,3,0,0,1,3,0,0,1,3,0,0,1,3,0,0,1,3,0,0,1,3,0,0,1,3,0,0,1,3,0,0,1,3,0,0,1,3,0,0,1,3,0,0,1,3,0,0,1,3,0,0,1,3,0,0,1,2,0,0,2,2,0,0,2,0,4,0,0,0,0,0,0,0,1,3,0,0,0,0,0,0,1,3,0,0,4,0,0,3,1,3,1,0.0,0.0,0.0,0.0,0.0,0.0,0.0,0.0,0.0,0.0,0.0,0.0,0.0,0.0,0.0,0.0,0.0,0.0,0.0,0
9,997,1,0,0,0,0,0,1,0,0,0,0,0,0,0,0,0,0,0,0,0,0,0,0,0,1,0,0,0,0,0,0,0,0,0,0,0,0,0,0,0,0,0,0,0,0,0,1,0,0,0,0,0,0,0,0,0,0,0,0,0,0,0,0,1,0,0,0,0,0,0,0,0,0,0,0,0,0,0,0,0,0,0,0,0,0,0,0,0,0,0,1,0,0,0,0,0,0,0,1,0,0,0,0,0,0,0,0,0,0,0,0,0,0,1,0,0,0,0,0,0,0,0,0,0,0,0,0,0,0,1,0,0,0,0,0,0,1,0,0,1,0,1,0,1,0,0,0,0,0,0,0,0,0,0,0,0,0,0,0,0,0,0,1,0,0,0,0,0,0,0,0,0,0,0,0,0,0,0,0,1,0,0,0,0,1,0,0,0,0,0,0,1,0,1,0,0,0,0,1,0,1,0,1,0,1,0,1,0,0,0,0,0,0,0,0,0,0,0,0,0,0,0,0,1,0,0,0,0,0,1,0,0,0,0,0,0,0,0,0,0,0,0,0,0,0,0,0,0,0,0,0,0,0,0,0,0,0,0,0,0,0,0,0,0,1,0,0,0,1,0,1,0,1,1,0,0,0,1,0,0,0,1,0,0,0,1,0,0,0,1,0,0,0,1,0,0,0,0,0,0,1,0,0,0,1,0,0,0,1,0,0,0,1,0,0,0,1,0,0,0,1,0,0,0,1,0,0,0,1,0,0,0,1,0,0,0,1,0,0,0,1,0,0,0,1,0,0,0,1,0,0,0,1,0,0,0,1,0,0,0,1,0,0,0,1,0,0,0,1,0,0,0,1,0,1,0,0,0,0,0,0,0,0,1,0,0,0,0,1,0,0,0,0,0,1,0,0,1,0,1,0,0.0,0.0,0.0,0.0,0.0,0.0,0.0,0.0,0.0,0.0,0.0,0.0,0.0,0.0,0.0,0.0,0.0,0.0,0.0,1
10,3,120,0,3,1,0,2,1,3,0,0,0,0,0,1,3,0,0,0,0,1,0,1,1,1,1,0,1,1,0,0,7,0,0,0,0,1,0,1,0,1,1,1,0,5,0,0,0,1,1,0,0,1,0,1,0,3,0,2,0,1,0,0,0,0,1,6,1,1,1,0,0,1,0,1,0,5,2,1,0,0,0,3,2,0,0,0,0,1,0,0,1,0,0,2,0,0,2,2,0,1,0,1,6,1,0,0,0,0,2,0,1,1,1,0,0,0,0,1,3,0,2,1,0,1,1,1,0,0,1,9,2,2,0,1,0,1,11,1,2,15,0,15,0,1,1,0,4,4,1,0,1,1,2,0,0,0,0,0,0,0,0,0,15,0,0,0,0,0,0,0,0,0,0,0,0,0,0,0,0,15,0,0,0,0,15,0,0,0,0,0,0,15,0,15,0,0,0,0,15,0,15,0,15,0,15,0,15,0,0,1,1,1,0,1,0,0,1,0,0,0,1,0,0,8,0,1,0,0,0,14,0,0,1,0,0,0,0,0,0,0,0,0,0,0,0,0,0,0,0,0,0,1,0,0,0,0,0,0,0,0,0,0,0,0,14,0,0,7,8,1,14,1,14,15,0,0,0,14,0,0,1,14,0,0,1,14,0,0,1,14,0,0,1,14,0,0,1,13,0,0,2,13,0,0,2,13,0,0,2,12,0,0,3,9,0,0,6,9,0,0,6,9,0,0,6,8,0,0,7,7,0,0,8,7,0,0,8,7,0,0,8,7,0,0,8,7,0,0,8,7,0,0,8,7,0,0,8,7,0,0,8,7,0,0,8,7,0,0,8,5,0,0,10,0,15,0,0,0,0,0,0,0,7,8,0,0,0,0,1,0,4,9,1,0,15,0,0,10,5,9,6,0.0,0.0,0.0,0.0,0.0,0.0,0.0,0.0,0.0,0.0,0.0,0.0,0.0,0.0,0.0,0.0,0.0,0.0,0.0,0
11,44,21,0,2,0,0,0,0,1,0,0,0,0,0,0,0,0,0,0,0,2,1,2,0,0,0,0,0,0,0,2,1,0,0,0,0,0,0,0,1,0,0,0,0,2,0,0,0,0,0,0,0,0,1,2,0,0,1,0,0,1,0,0,1,0,0,3,0,1,0,0,0,0,0,0,0,3,0,1,0,0,0,0,1,0,1,0,0,0,0,0,0,0,0,1,0,0,0,0,1,0,0,1,3,0,0,0,0,1,0,0,0,1,1,0,0,0,0,0,0,1,0,0,0,0,2,0,0,0,0,5,0,0,0,1,0,1,5,0,0,6,0,6,0,0,1,0,0,3,1,0,0,0,0,0,0,0,1,0,0,0,0,0,6,0,0,0,0,0,0,0,0,0,0,0,0,0,0,0,0,6,0,0,0,0,6,0,0,0,0,0,0,6,0,6,0,0,0,0,6,0,6,0,6,0,6,0,6,0,0,0,0,0,0,0,0,0,1,0,0,0,0,0,0,4,0,1,0,0,0,5,0,0,1,0,0,0,0,0,0,0,0,0,0,0,0,0,0,0,0,0,0,1,0,0,0,0,0,0,0,0,0,0,0,0,5,0,0,2,4,1,5,1,5,6,0,0,0,6,0,0,0,6,0,0,0,5,0,0,1,5,0,0,1,5,0,0,1,5,0,0,1,5,0,0,1,4,0,0,2,3,0,0,3,2,0,0,4,2,0,0,4,1,0,0,5,0,0,0,6,0,0,0,6,0,0,0,6,0,0,0,6,0,0,0,6,0,0,0,6,0,0,0,6,0,0,0,6,0,0,0,6,0,0,0,6,0,0,0,6,0,0,0,6,0,6,0,0,0,0,0,0,0,3,3,0,0,0,0,0,0,2,4,0,0,6,0,0,4,2,3,3,0.0,0.0,0.0,0.0,0.0,0.0,0.0,0.0,0.0,0.0,0.0,0.0,0.0,0.0,0.0,0.0,0.0,0.0,0.0,0
12,4,1,0,0,0,0,0,0,0,0,0,0,0,0,1,0,0,0,0,0,0,0,0,0,0,0,0,0,0,0,0,1,0,0,0,0,0,0,0,0,0,0,0,0,1,0,0,0,0,0,0,0,0,0,0,0,0,0,0,0,0,0,0,0,0,0,1,0,0,0,0,0,0,0,0,0,1,0,0,0,0,0,0,0,0,0,0,0,0,0,0,0,0,0,0,0,0,0,0,0,0,0,0,1,0,0,0,0,0,0,0,0,0,0,0,0,0,0,0,0,1,0,0,0,0,0,0,0,0,1,0,0,0,0,0,0,0,1,0,0,1,0,1,0,1,0,0,0,0,0,0,0,0,0,0,0,0,0,0,0,0,0,0,1,0,0,0,0,0,0,0,0,0,0,0,0,0,0,0,0,1,0,0,0,0,1,0,0,0,0,0,0,1,0,1,0,0,0,0,1,0,1,0,1,0,1,0,1,0,0,0,0,0,0,0,0,0,0,0,0,0,0,0,0,1,0,0,0,0,0,1,0,0,0,0,0,0,0,0,0,0,0,0,0,0,0,0,0,0,0,0,0,0,0,0,0,0,0,0,0,0,0,0,0,0,1,0,0,0,1,0,1,0,1,0,0,0,1,0,0,0,1,0,0,0,1,0,0,0,1,0,0,0,1,0,0,0,1,0,0,0,1,0,0,0,1,0,0,0,1,0,0,0,1,0,0,0,1,0,0,0,1,0,0,0,1,0,0,0,1,0,0,0,1,0,0,0,1,0,0,0,1,0,0,0,1,0,0,0,1,0,0,0,1,0,0,0,1,0,0,0,1,0,0,0,1,0,0,0,1,0,0,0,1,0,1,0,0,0,0,0,0,0,1,0,0,0,0,0,0,0,1,0,0,0,1,0,0,0,1,0,1,0.0,0.0,0.0,0.0,0.0,0.0,0.0,0.0,0.0,0.0,0.0,0.0,0.0,0.0,0.0,0.0,0.0,0.0,0.0,0
13,16,6,0,0,0,0,0,1,1,0,0,0,0,0,0,1,0,0,0,0,0,0,0,0,0,0,0,0,0,0,0,2,1,0,0,0,0,0,0,0,0,0,0,0,1,0,0,0,1,0,0,0,0,0,1,0,0,0,0,0,0,0,0,0,0,0,2,0,0,1,0,0,0,0,0,0,1,0,0,0,0,0,0,1,0,0,0,0,1,0,0,0,0,0,0,0,0,1,0,0,0,0,0,2,0,0,0,0,0,0,0,0,0,0,1,1,0,0,0,0,0,0,0,1,0,0,0,0,0,1,0,1,1,0,0,0,0,2,0,1,3,0,1,2,0,0,0,0,2,0,0,1,0,0,0,0,0,0,0,0,0,0,0,3,0,0,0,0,0,0,0,0,0,0,0,0,0,0,0,0,3,0,0,0,0,3,0,0,0,0,0,0,3,0,3,0,0,0,0,3,2,1,0,3,0,3,0,3,0,0,0,0,1,1,0,0,0,0,0,0,0,0,0,0,1,0,0,0,0,0,3,0,0,0,0,0,0,0,0,0,0,0,0,0,0,0,0,0,0,0,0,0,0,0,0,0,0,0,0,1,0,0,0,0,0,2,0,0,2,1,0,3,2,1,3,0,0,0,3,0,0,0,3,0,0,0,3,0,0,0,3,0,0,0,2,1,0,0,1,1,0,1,2,0,0,1,2,0,0,1,2,0,0,1,2,0,0,1,2,0,0,1,2,0,0,1,2,0,0,1,2,0,0,1,2,0,0,1,1,1,0,1,2,0,0,1,2,0,0,1,2,0,0,1,2,0,0,1,2,0,0,1,2,0,0,1,2,0,0,1,1,0,0,2,0,2,0,1,0,0,0,0,0,2,1,0,0,0,1,0,0,1,1,0,0,3,0,0,2,1,1,2,0.0,0.0,0.0,0.0,0.0,0.0,0.0,0.0,0.0,0.0,0.0,0.0,0.0,0.0,0.0,0.0,0.0,0.0,0.0,0
14,1046,36,0,0,0,0,0,0,1,0,0,0,4,0,0,0,0,1,0,0,2,0,0,0,0,0,2,0,0,1,0,4,0,0,0,0,1,0,0,0,0,0,0,2,3,0,0,0,1,1,0,0,1,0,0,0,0,0,0,0,1,1,0,1,1,1,0,0,0,0,1,1,1,0,0,0,3,0,1,0,0,2,0,0,1,0,0,0,1,0,0,0,3,1,0,0,0,0,0,0,0,0,1,0,0,3,0,0,0,0,0,0,0,3,1,0,0,0,1,0,0,1,0,0,0,0,2,0,0,0,7,0,1,0,0,0,0,8,0,0,8,0,7,1,0,0,0,1,4,0,0,0,1,2,0,0,0,0,0,0,0,0,0,8,0,0,0,0,0,0,0,0,0,0,0,0,0,0,0,0,8,0,0,0,0,8,0,0,0,0,0,0,8,0,8,0,0,0,1,7,1,7,0,8,0,8,0,8,0,0,0,0,0,0,0,0,0,0,0,0,0,0,0,0,8,0,0,0,0,0,8,0,0,0,0,0,0,0,0,0,0,0,0,0,0,0,0,0,0,0,0,0,0,0,0,0,0,0,0,0,0,0,0,0,0,8,0,0,0,8,0,8,1,7,6,1,0,1,5,1,0,2,5,1,0,2,4,1,0,3,4,1,0,3,4,1,0,3,4,0,0,4,3,1,0,4,4,0,0,4,3,0,0,5,3,0,0,5,3,0,0,5,2,0,0,6,2,0,0,6,2,0,0,6,2,0,0,6,2,0,0,6,2,0,0,6,2,0,0,6,2,0,0,6,2,0,0,6,2,0,0,6,2,0,0,6,2,0,0,6,0,0,0,8,0,8,0,0,0,0,0,0,0,0,8,0,0,0,0,0,0,1,7,0,0,8,0,0,5,3,8,0,0.0,0.0,0.0,0.0,0.0,0.0,0.0,0.0,0.0,0.0,0.0,0.0,0.0,0.0,0.0,0.0,0.0,0.0,0.0,1
15,49,66,0,1,0,0,0,0,1,0,0,0,0,1,2,1,0,2,2,1,0,0,0,0,1,1,0,0,0,1,0,4,0,0,0,2,1,0,0,1,0,1,1,0,1,0,0,2,0,1,0,0,0,2,1,0,1,1,3,0,3,0,0,0,1,0,1,0,0,0,0,0,0,1,2,0,1,0,1,2,1,0,0,0,2,1,1,1,0,1,0,0,1,2,0,0,0,0,1,1,1,2,1,1,0,0,0,1,0,0,0,0,0,5,0,0,1,1,0,2,0,0,1,0,0,0,0,1,1,0,6,2,0,0,2,0,0,9,0,2,11,1,7,3,1,1,0,0,6,0,0,1,0,2,0,0,0,0,0,0,0,0,0,11,0,0,0,0,0,0,0,0,0,0,0,0,0,0,0,0,11,0,0,0,0,11,0,0,0,0,0,0,11,0,11,0,0,0,3,8,4,7,2,9,0,11,0,11,0,0,0,2,0,0,0,0,0,0,0,0,0,0,0,0,9,0,0,0,0,0,11,0,0,0,0,0,0,0,0,0,0,0,0,0,0,0,0,0,0,0,0,2,0,0,0,0,0,0,0,0,0,0,0,0,0,9,0,0,2,9,0,11,4,7,7,3,1,0,6,3,0,2,4,3,1,3,3,5,0,3,6,2,0,3,5,3,0,3,5,3,0,3,8,0,0,3,4,2,0,5,4,1,0,6,3,1,0,7,1,1,0,9,2,0,0,9,1,0,0,10,1,0,0,10,1,0,0,10,1,0,0,10,1,0,0,10,1,0,0,10,1,0,0,10,1,0,0,10,0,1,0,10,1,0,0,10,1,0,0,10,0,1,0,10,0,11,0,0,0,0,0,0,0,2,9,0,0,0,0,2,0,1,8,0,0,11,0,0,10,1,10,1,0.0,0.0,0.0,0.0,0.0,0.0,0.0,0.0,0.0,0.0,0.0,0.0,0.0,0.0,0.0,0.0,0.0,0.0,0.0,0
16,9,1,0,0,0,0,0,0,1,0,0,0,0,0,0,0,0,0,0,0,0,0,0,0,0,0,0,0,0,0,0,0,0,0,1,0,0,0,0,0,0,0,1,0,0,0,0,0,0,0,0,0,0,0,0,0,0,0,0,0,0,0,0,0,0,0,0,0,1,0,0,0,0,0,0,0,0,0,0,0,1,0,0,0,0,0,0,0,0,0,0,0,0,0,0,0,0,0,0,1,0,0,0,0,0,0,0,0,0,0,0,0,0,0,0,0,0,0,0,0,1,0,0,0,0,0,0,0,0,0,1,0,0,0,0,0,0,1,0,0,1,0,1,0,0,0,0,0,1,0,0,0,0,0,0,0,0,0,0,0,0,0,0,1,0,0,0,1,0,0,0,0,0,0,0,0,0,0,0,0,0,0,0,0,0,1,0,0,0,0,0,0,1,0,1,0,0,0,0,1,1,0,1,0,1,0,0,1,0,0,0,0,0,0,0,0,0,0,0,0,0,0,0,0,1,0,0,0,0,0,1,0,0,0,0,0,0,0,0,0,0,0,0,0,0,0,0,0,0,0,0,0,0,0,0,0,0,0,0,0,0,0,0,0,0,1,0,0,0,1,0,1,0,1,0,0,0,1,0,1,0,0,0,1,0,0,0,0,1,0,0,1,0,0,1,0,0,0,0,1,0,0,0,1,0,0,1,0,0,0,1,0,0,0,0,1,0,0,0,1,0,0,0,1,0,0,0,1,0,0,0,1,0,0,0,1,0,0,1,0,0,0,1,0,0,0,0,1,0,0,1,0,0,0,0,1,0,0,1,0,0,0,0,1,0,0,1,0,0,0,0,0,0,1,0,1,0,0,0,0,0,0,0,0,1,0,0,0,0,0,0,0,1,0,0,1,0,0,1,0,1,0,0.0,0.0,0.0,0.0,0.0,0.0,0.0,0.0,0.0,0.0,0.0,0.0,0.0,0.0,0.0,0.0,0.0,0.0,0.0,0
17,54,15,0,0,0,1,0,1,0,0,0,0,1,0,1,0,0,0,1,0,0,0,0,0,0,2,0,0,0,0,1,1,0,0,0,0,0,0,1,0,0,0,0,0,1,0,0,0,1,1,0,0,0,1,1,0,0,0,1,0,0,0,0,0,0,1,2,0,0,1,0,0,0,0,0,0,1,0,0,1,0,0,0,0,0,0,0,1,0,0,1,1,0,0,0,0,0,0,0,0,0,1,0,2,1,0,1,0,0,0,0,0,0,0,0,0,0,0,0,0,1,0,1,0,0,1,1,1,0,0,4,0,1,0,0,0,1,3,1,0,5,1,4,0,1,0,0,0,3,0,0,0,0,1,0,0,0,0,0,0,0,0,0,5,0,0,0,0,0,0,0,0,0,0,0,0,0,0,0,0,5,0,0,0,0,5,0,0,0,0,0,0,5,0,5,0,0,0,0,5,1,4,0,5,0,5,1,4,0,0,0,0,0,0,1,0,0,0,0,0,0,0,0,0,3,0,1,0,0,0,5,0,0,0,0,0,0,0,0,0,0,0,0,0,0,0,0,0,0,0,0,1,0,0,0,0,0,0,0,0,0,0,0,0,0,4,0,0,2,3,0,5,1,4,5,0,0,0,5,0,0,0,3,0,0,2,3,0,0,2,3,0,0,2,4,0,0,1,3,0,0,2,3,0,0,2,3,0,0,2,3,0,0,2,2,0,0,3,2,0,0,3,2,0,0,3,2,0,0,3,2,0,0,3,2,0,0,3,2,0,0,3,2,0,0,3,1,1,0,3,2,0,0,3,1,1,0,3,2,0,0,3,2,0,0,3,2,0,0,3,1,0,0,4,0,5,0,0,0,0,0,0,0,2,3,0,0,0,0,0,0,1,4,0,0,5,0,0,4,1,3,2,0.0,0.0,0.0,0.0,0.0,0.0,0.0,0.0,0.0,0.0,0.0,0.0,0.0,0.0,0.0,0.0,0.0,0.0,0.0,1
18,38,66,0,2,0,0,0,0,0,2,2,0,0,0,1,0,0,2,0,0,0,2,2,1,1,0,2,0,0,1,0,4,0,0,0,0,0,0,0,0,0,1,0,1,3,0,0,0,0,0,0,1,0,1,0,0,2,2,0,0,1,0,0,1,0,0,5,1,0,0,0,0,1,0,2,0,3,0,0,0,0,2,3,0,1,1,0,0,0,1,0,0,0,1,1,0,0,0,0,0,1,0,0,5,0,2,0,1,2,0,0,2,0,1,0,2,0,0,1,1,0,0,1,0,0,0,0,1,2,1,6,1,1,0,0,1,1,7,0,2,11,2,8,1,0,0,0,2,6,2,0,1,0,0,0,0,0,0,0,0,0,0,0,11,0,0,0,1,0,0,0,0,0,0,0,0,0,0,0,0,10,0,0,0,0,11,0,0,0,0,0,0,11,0,11,0,0,0,4,7,3,8,4,7,4,7,1,10,1,0,0,1,0,0,0,1,0,0,0,0,0,0,0,1,6,0,0,1,0,0,11,0,0,0,0,0,0,0,0,0,0,0,0,0,0,0,0,0,0,0,0,2,0,0,0,0,1,0,0,0,0,0,0,0,0,8,0,0,5,6,0,11,3,8,8,0,1,2,7,0,1,3,6,0,1,4,4,2,1,4,5,2,0,4,5,1,1,4,5,1,1,4,5,1,0,5,3,2,0,6,3,1,0,7,3,1,0,7,3,0,0,8,2,0,0,9,1,1,1,8,1,2,0,8,3,0,0,8,2,1,0,8,2,1,0,8,1,1,0,9,2,0,0,9,1,1,1,8,1,2,0,8,3,0,0,8,1,2,0,8,2,0,0,9,0,11,0,0,0,0,0,0,0,5,6,0,0,0,0,1,0,4,6,0,0,11,0,0,8,3,6,5,0.0,0.0,0.0,0.0,0.0,0.0,0.0,0.0,0.0,0.0,0.0,0.0,0.0,0.0,0.0,0.0,0.0,0.0,0.0,0
19,13,21,1,0,0,0,1,0,3,0,1,0,0,0,0,0,0,0,0,0,0,0,0,0,0,0,1,1,0,0,0,2,0,0,0,0,2,0,0,0,0,0,0,0,1,0,1,1,1,1,0,0,0,0,1,0,0,0,0,1,0,0,0,0,1,0,0,0,0,1,1,0,1,0,1,1,1,0,2,0,0,0,0,0,0,0,0,0,2,0,0,0,0,0,0,1,1,1,1,0,0,0,1,0,0,1,0,0,0,0,0,0,0,1,0,0,0,1,1,1,0,1,0,1,0,0,0,0,1,0,4,0,1,0,0,0,0,6,0,0,6,0,6,0,1,0,0,1,4,0,0,0,0,0,0,0,0,0,0,0,0,0,0,6,0,0,0,0,0,0,0,0,0,0,0,0,0,0,0,0,6,0,0,0,0,6,0,0,0,0,0,0,6,0,6,0,0,0,0,6,0,6,0,6,0,6,0,6,0,0,0,0,0,0,0,0,0,0,0,0,0,0,0,0,6,0,0,0,0,0,6,0,0,0,0,0,0,0,0,0,0,0,0,0,0,0,0,0,0,0,0,0,0,0,0,0,0,0,0,0,0,0,0,0,0,6,0,0,0,6,0,6,0,6,5,0,0,1,4,0,0,2,4,0,0,2,4,0,0,2,4,0,0,2,3,0,0,3,3,0,0,3,3,0,0,3,3,0,0,3,3,0,0,3,3,0,0,3,3,0,0,3,2,0,0,4,2,0,0,4,2,0,0,4,2,0,0,4,2,0,0,4,2,0,0,4,2,0,0,4,2,0,0,4,2,0,0,4,2,0,0,4,2,0,0,4,2,0,0,4,0,0,0,6,0,6,0,0,0,0,0,0,0,0,6,0,0,0,0,0,0,2,4,0,0,6,0,0,5,1,6,0,0.0,0.0,0.0,0.0,0.0,0.0,0.0,0.0,0.0,0.0,0.0,0.0,0.0,0.0,0.0,0.0,0.0,0.0,0.0,0
20,27,171,1,0,0,0,1,0,4,0,4,0,2,0,0,2,0,2,1,0,0,1,1,0,0,4,4,0,0,3,0,5,0,0,0,1,0,0,0,0,1,2,0,1,1,0,0,1,0,3,0,0,5,1,2,0,0,1,1,0,0,0,0,1,2,0,2,0,2,0,3,2,0,3,2,0,1,1,1,0,2,0,0,1,5,0,0,0,6,1,0,0,0,2,0,6,0,1,0,1,1,1,1,2,0,2,0,1,0,0,1,0,0,0,0,0,1,1,0,4,0,0,4,3,3,1,0,0,2,0,13,0,0,3,0,1,1,15,0,1,18,3,14,1,0,0,0,1,14,1,0,1,1,0,0,0,0,0,0,0,0,0,0,18,0,0,0,0,0,0,0,0,0,0,0,0,0,0,0,0,18,0,0,0,0,18,0,0,0,0,0,0,18,0,18,0,0,0,5,13,3,15,0,18,0,18,0,18,0,0,1,0,0,0,0,0,0,0,0,0,0,0,0,1,15,0,1,0,0,0,18,0,0,0,0,0,0,0,0,0,0,0,0,0,0,0,0,0,1,0,0,1,0,0,0,0,0,0,0,0,0,0,0,0,0,16,0,0,3,15,0,18,4,14,17,1,0,0,17,1,0,0,16,2,0,0,14,3,0,1,14,2,0,2,15,1,0,2,15,0,0,3,13,1,0,4,14,0,0,4,13,1,0,4,13,0,0,5,13,0,0,5,10,0,0,8,10,0,0,8,9,0,0,9,9,0,0,9,9,0,0,9,7,0,0,11,7,0,0,11,7,0,0,11,6,1,0,11,7,0,0,11,5,1,0,12,4,1,0,13,3,1,0,14,0,18,0,0,0,0,0,0,0,3,15,0,0,0,0,0,0,1,17,0,0,18,0,0,17,1,16,2,0.0,0.0,0.0,0.0,0.0,0.0,0.0,0.0,0.0,0.0,0.0,0.0,0.0,0.0,0.0,0.0,0.0,0.0,0.0,0
21,17,6,0,0,0,0,2,0,0,1,0,0,0,0,0,0,0,0,0,0,0,0,0,0,0,0,0,0,0,0,1,2,0,0,0,0,0,0,0,0,0,1,0,0,1,0,0,0,1,0,0,0,0,0,0,0,0,0,0,0,0,0,0,0,0,0,1,0,0,1,0,0,0,0,1,0,1,1,0,0,1,0,0,0,0,0,0,0,0,0,0,0,0,0,0,0,0,0,0,0,0,0,1,1,0,0,0,1,0,0,0,1,0,0,0,0,0,0,0,0,0,0,1,0,1,0,0,0,0,0,1,1,1,0,0,0,0,3,0,0,3,0,3,0,0,0,0,0,1,1,0,0,1,0,0,0,0,0,0,0,0,0,0,3,0,0,0,0,0,0,0,0,0,0,0,0,0,0,0,0,3,0,0,0,0,3,0,0,0,0,0,0,3,0,3,0,0,0,0,3,0,3,0,3,0,3,0,3,0,0,0,0,0,0,0,0,0,0,0,0,0,0,0,0,3,0,0,0,0,0,3,0,0,0,0,0,0,0,0,0,0,0,0,0,0,0,0,0,0,0,0,0,0,0,0,0,0,0,0,0,0,0,0,0,0,3,0,0,1,2,0,3,0,3,3,0,0,0,3,0,0,0,3,0,0,0,3,0,0,0,3,0,0,0,2,0,0,1,2,0,0,1,1,0,0,2,1,0,0,2,1,0,0,2,1,0,0,2,1,0,0,2,1,0,0,2,1,0,0,2,1,0,0,2,1,0,0,2,1,0,0,2,1,0,0,2,1,0,0,2,1,0,0,2,1,0,0,2,1,0,0,2,1,0,0,2,1,0,0,2,0,0,0,3,0,3,0,0,0,0,0,0,0,1,2,0,0,0,0,0,0,1,2,0,0,3,0,0,2,1,2,1,0.0,0.0,0.0,0.0,0.0,0.0,0.0,0.0,0.0,0.0,0.0,0.0,0.0,0.0,0.0,0.0,0.0,0.0,0.0,0
22,10,210,0,4,1,2,2,1,0,1,1,1,0,1,0,2,0,0,0,2,2,0,0,1,1,5,2,0,0,0,2,4,1,2,1,0,0,0,0,1,0,0,2,0,7,0,0,2,2,2,0,1,2,0,0,0,0,2,1,0,1,6,0,0,1,0,2,0,0,1,1,1,2,2,2,0,2,1,0,0,2,0,0,4,1,0,2,0,2,0,4,2,2,1,0,2,0,0,0,3,3,0,0,2,1,0,4,2,0,1,0,2,5,5,1,0,1,1,0,0,1,1,0,0,0,2,0,0,0,0,16,1,0,0,3,0,1,15,3,1,20,0,20,0,0,0,3,0,12,2,0,0,0,2,0,0,0,1,0,0,0,0,0,20,0,0,0,0,0,0,0,0,0,0,0,0,0,0,0,0,20,0,0,0,0,20,0,0,0,0,0,0,20,0,20,0,0,0,1,19,0,20,0,20,0,20,0,20,0,1,0,0,0,0,0,0,0,1,2,0,0,0,0,1,15,0,0,0,0,0,20,0,0,0,0,0,0,0,0,0,0,0,0,0,0,0,0,0,0,0,0,0,0,0,0,0,0,0,0,0,0,0,0,0,0,20,0,0,5,15,0,20,0,20,19,1,0,0,14,0,0,6,14,0,0,6,14,0,0,6,12,0,0,8,12,0,0,8,11,0,0,9,10,0,0,10,8,0,0,12,7,0,0,13,6,0,0,14,5,0,0,15,5,0,0,15,5,0,0,15,5,0,0,15,5,0,0,15,5,0,0,15,4,0,0,16,4,0,0,16,4,0,0,16,3,0,0,17,3,0,0,17,3,0,0,17,3,0,0,17,2,0,0,18,0,20,0,0,0,0,0,0,0,6,14,0,0,0,0,2,0,0,13,5,0,20,0,0,18,2,18,2,0.0,0.0,0.0,0.0,0.0,0.0,0.0,0.0,0.0,0.0,0.0,0.0,0.0,0.0,0.0,0.0,0.0,0.0,0.0,0
23,820,3,0,0,0,1,0,0,0,0,0,0,0,0,0,0,0,1,0,0,0,0,0,0,0,0,1,0,0,0,0,1,0,0,0,0,0,0,0,0,0,0,0,1,0,0,0,1,0,0,0,0,0,0,0,0,0,0,0,0,0,0,0,1,1,0,0,0,0,0,0,0,0,0,0,0,0,0,0,0,0,0,0,0,1,0,1,0,0,0,0,0,1,1,0,0,0,0,0,0,0,0,0,0,0,0,0,0,0,0,0,0,0,0,0,0,0,0,0,0,1,1,0,0,0,0,0,0,0,0,1,1,0,0,0,0,0,2,0,0,2,0,2,0,0,0,0,0,1,0,0,0,0,1,0,0,0,0,0,0,0,0,0,2,0,0,0,0,0,0,0,0,0,0,0,0,0,0,0,0,2,0,0,0,0,2,0,0,0,0,0,0,2,0,2,0,0,0,0,2,0,2,0,2,0,2,0,2,0,0,0,0,0,0,0,0,0,0,0,0,0,0,0,0,2,0,0,0,0,0,2,0,0,0,0,0,0,0,0,0,0,0,0,0,0,0,0,0,0,0,0,0,0,0,0,0,0,0,0,0,0,0,0,0,0,2,0,0,0,2,0,2,0,2,2,0,0,0,2,0,0,0,1,0,0,1,1,0,0,1,1,0,0,1,1,0,0,1,0,0,0,2,0,0,0,2,0,0,0,2,0,0,0,2,0,0,0,2,0,0,0,2,0,0,0,2,0,0,0,2,0,0,0,2,0,0,0,2,0,0,0,2,0,0,0,2,0,0,0,2,0,0,0,2,0,0,0,2,0,0,0,2,0,0,0,2,0,0,0,2,0,0,0,2,0,2,0,0,0,0,0,0,0,0,2,0,0,0,0,0,0,0,2,0,0,2,0,0,2,0,2,0,0.0,0.0,0.0,0.0,0.0,0.0,0.0,0.0,0.0,0.0,0.0,0.0,0.0,0.0,0.0,0.0,0.0,0.0,0.0,1
24,1234,78,2,0,0,2,2,0,0,0,0,0,0,1,3,0,0,0,0,0,2,0,1,0,0,0,0,0,3,0,1,0,0,0,3,1,1,0,1,1,1,0,0,5,1,0,0,2,0,0,0,0,1,0,0,0,1,1,0,0,0,1,0,4,2,0,2,1,0,0,0,0,1,1,0,0,3,0,1,0,1,0,0,1,0,0,3,0,2,0,0,1,3,0,0,0,0,2,0,1,0,0,1,4,1,0,0,0,0,0,0,1,0,4,0,0,0,0,1,0,0,1,0,0,0,3,2,0,0,1,9,1,0,0,1,0,1,10,1,0,12,0,12,0,0,0,7,0,1,0,1,0,1,1,0,0,0,1,0,0,0,0,0,12,0,0,0,0,0,0,0,0,0,0,0,0,0,0,0,0,12,0,0,0,0,12,0,0,0,0,0,0,12,0,12,0,0,0,1,11,1,11,0,12,0,12,1,11,0,1,0,0,0,0,1,0,0,1,0,0,0,0,0,0,8,1,0,0,0,0,12,0,0,0,0,0,0,0,0,0,0,0,0,0,0,0,0,0,0,0,0,0,0,0,0,0,0,0,0,0,0,0,0,0,0,12,0,0,4,8,0,12,0,12,11,1,0,0,9,0,0,3,9,0,0,3,9,0,0,3,6,0,0,6,6,0,0,6,4,1,0,7,4,1,0,7,4,0,0,8,4,0,0,8,4,0,0,8,3,1,0,8,3,0,0,9,3,0,0,9,3,0,0,9,3,0,0,9,3,0,0,9,3,0,0,9,2,0,0,10,2,0,0,10,2,0,0,10,2,0,0,10,2,0,0,10,2,0,0,10,2,0,0,10,0,12,0,0,0,0,0,0,0,4,8,0,0,0,0,0,0,1,5,6,0,12,0,0,12,0,10,2,0.0,0.0,0.0,0.0,0.0,0.0,0.0,0.0,0.0,0.0,0.0,0.0,0.0,0.0,0.0,0.0,0.0,0.0,0.0,1
25,40,15,0,0,1,0,0,0,0,2,0,1,0,0,0,0,0,0,0,1,0,0,1,0,1,0,0,1,0,0,0,1,0,0,0,1,0,0,0,0,1,0,0,1,1,0,0,0,0,0,0,0,0,1,1,0,0,0,0,0,1,0,0,1,0,1,2,0,0,0,0,0,0,0,0,0,1,1,0,0,0,0,0,0,0,2,0,0,0,0,0,1,0,0,0,0,1,0,1,0,0,0,0,2,1,0,0,0,0,1,0,0,0,1,0,0,0,0,0,2,0,0,0,0,0,1,0,0,0,0,4,0,1,0,0,0,0,4,0,1,5,0,5,0,0,0,0,0,3,0,0,1,0,1,0,0,0,0,0,0,0,0,0,5,0,0,0,0,0,0,0,0,0,0,0,0,0,0,0,0,5,0,0,0,0,5,0,0,0,0,0,0,5,0,5,0,0,0,1,4,0,5,0,5,0,5,0,5,0,0,0,1,1,0,0,0,0,0,0,0,0,0,0,0,3,0,0,0,0,0,5,0,0,0,0,0,0,0,0,0,0,0,0,0,0,0,0,0,0,0,0,0,0,0,0,0,0,0,0,0,0,0,0,0,0,5,0,0,2,3,0,5,0,5,4,1,0,0,5,0,0,0,5,0,0,0,4,0,0,1,4,0,0,1,3,0,0,2,3,0,0,2,2,0,0,3,2,0,0,3,1,0,0,4,0,0,0,5,0,0,0,5,0,0,0,5,0,0,0,5,0,0,0,5,0,0,0,5,0,0,0,5,0,0,0,5,0,0,0,5,0,0,0,5,0,0,0,5,0,0,0,5,0,0,0,5,0,0,0,5,0,0,0,5,0,5,0,0,0,0,0,0,0,3,2,0,0,0,0,1,0,2,2,0,0,5,0,0,4,1,3,2,0.0,0.0,0.0,0.0,0.0,0.0,0.0,0.0,0.0,0.0,0.0,0.0,0.0,0.0,0.0,0.0,0.0,0.0,0.0,1
26,850,3,0,1,0,0,0,0,0,0,0,1,0,0,0,0,0,0,0,0,0,0,1,0,1,0,0,0,0,0,0,0,0,0,0,0,0,0,0,0,0,0,0,0,0,0,0,0,0,0,0,0,0,0,0,1,1,0,0,0,0,0,0,0,0,0,1,1,0,0,0,0,0,0,0,0,2,0,0,0,0,0,0,0,0,0,0,0,0,0,0,0,0,0,0,0,0,0,0,0,0,0,0,2,0,0,0,0,0,1,0,0,0,0,0,0,0,0,0,0,0,0,0,0,0,1,0,0,0,1,0,0,1,0,0,0,0,1,1,0,2,0,2,0,1,0,0,0,0,0,0,1,0,0,0,0,0,0,0,0,0,0,0,2,0,0,0,0,0,0,0,0,0,0,0,0,0,0,0,0,2,0,0,0,0,2,0,0,0,0,0,0,2,0,2,0,0,0,0,2,1,1,0,2,0,2,0,2,0,0,0,0,1,0,0,0,0,0,0,0,1,0,0,0,0,0,0,0,0,0,2,0,0,0,0,0,0,0,0,0,0,0,0,0,0,0,0,0,0,0,0,0,0,0,0,0,0,0,0,0,0,0,0,0,0,2,0,0,2,0,0,2,0,2,2,0,0,0,2,0,0,0,2,0,0,0,2,0,0,0,2,0,0,0,2,0,0,0,1,1,0,0,2,0,0,0,1,0,0,1,1,0,0,1,1,0,0,1,0,0,0,2,0,0,0,2,0,0,0,2,0,0,0,2,0,0,0,2,0,0,0,2,0,0,0,2,0,0,0,2,0,0,0,2,0,0,0,2,0,0,0,2,0,0,0,2,0,0,0,2,0,0,0,2,0,2,0,0,0,0,0,0,0,2,0,0,0,0,0,1,0,0,1,0,0,2,0,0,2,0,1,1,0.0,0.0,0.0,0.0,0.0,0.0,0.0,0.0,0.0,0.0,0.0,0.0,0.0,0.0,0.0,0.0,0.0,0.0,0.0,1
27,1460,1,0,0,0,0,0,0,0,0,0,0,0,0,0,0,0,0,0,0,0,1,0,0,0,0,0,0,0,0,0,0,0,0,0,0,0,0,1,0,0,0,0,0,0,0,0,0,0,0,0,0,1,0,0,0,0,0,0,0,0,0,0,0,0,0,0,0,1,0,0,0,0,0,0,0,0,0,0,0,0,0,0,1,0,0,0,0,0,0,0,0,0,0,0,0,0,0,0,0,1,0,0,0,0,0,0,0,0,0,0,0,0,0,0,0,0,0,0,0,1,0,0,0,0,0,0,0,0,0,0,0,0,0,1,0,0,0,1,0,1,0,1,0,0,0,1,0,0,0,0,0,0,0,0,0,0,0,0,0,0,0,0,1,0,0,0,0,0,0,0,0,0,0,0,0,0,0,0,0,1,0,0,0,0,1,0,0,0,0,0,0,1,0,1,0,0,0,0,1,0,1,0,1,0,1,0,1,0,0,0,0,0,0,0,0,0,0,0,0,0,0,0,0,0,0,1,0,0,0,1,0,0,0,0,0,0,0,0,0,0,0,0,0,0,0,0,0,0,0,0,0,0,0,0,0,0,0,0,0,0,0,0,0,0,1,0,0,1,0,0,1,0,1,1,0,0,0,1,0,0,0,1,0,0,0,1,0,0,0,0,0,0,1,0,0,0,1,0,0,0,1,0,0,0,1,0,0,0,1,0,0,0,1,0,0,0,1,0,0,0,1,0,0,0,1,0,0,0,1,0,0,0,1,0,0,0,1,0,0,0,1,0,0,0,1,0,0,0,1,0,0,0,1,0,0,0,1,0,0,0,1,0,0,0,1,0,0,0,1,0,0,0,1,0,1,0,0,0,0,0,0,0,1,0,0,0,0,0,0,0,0,1,0,0,1,0,0,1,0,1,0,0.0,0.0,0.0,0.0,0.0,0.0,0.0,0.0,0.0,0.0,0.0,0.0,0.0,0.0,0.0,0.0,0.0,0.0,0.0,1
28,37,1,0,0,0,0,0,0,0,0,0,0,0,0,1,0,0,0,0,0,0,0,0,0,0,0,0,0,0,0,0,1,0,0,0,0,0,0,0,0,0,0,0,0,1,0,0,0,0,0,0,0,0,0,0,0,0,0,0,0,0,0,0,0,0,0,1,0,0,0,0,0,0,0,0,0,1,0,0,0,0,0,0,0,0,0,0,0,0,0,0,0,0,0,0,0,0,0,0,0,0,0,0,1,0,0,0,0,0,0,0,0,0,0,0,0,0,0,0,0,0,0,0,0,1,0,0,0,0,0,0,0,1,0,0,0,0,1,0,0,1,0,1,0,0,0,0,0,0,0,0,1,0,0,0,0,0,0,0,0,0,0,0,1,0,0,0,0,0,0,0,0,0,0,0,0,0,0,0,0,1,0,0,0,0,1,0,0,0,0,0,0,1,0,1,0,0,0,0,1,0,1,0,1,0,1,0,1,0,0,0,0,1,0,0,0,0,0,0,0,0,0,0,0,0,0,0,0,0,0,1,0,0,0,0,0,0,0,0,0,0,0,0,0,0,0,0,0,0,0,0,0,0,0,0,0,0,0,0,0,0,0,0,0,0,1,0,0,1,0,0,1,0,1,0,0,0,1,0,0,0,1,0,0,0,1,0,0,0,1,0,0,0,1,0,0,0,1,0,0,0,1,0,0,0,1,0,0,0,1,0,0,0,1,0,0,0,1,0,0,0,1,0,0,0,1,0,0,0,1,0,0,0,1,0,0,0,1,0,0,0,1,0,0,0,1,0,0,0,1,0,0,0,1,0,0,0,1,0,0,0,1,0,0,0,1,0,0,0,1,0,0,0,1,0,1,0,0,0,0,0,0,0,1,0,0,0,0,0,0,0,1,0,0,0,1,0,0,0,1,0,1,0.0,0.0,0.0,0.0,0.0,0.0,0.0,0.0,0.0,0.0,0.0,0.0,0.0,0.0,0.0,0.0,0.0,0.0,0.0,0
29,748,105,1,0,1,0,2,0,2,1,2,0,1,0,0,2,0,0,0,2,0,0,0,0,0,0,2,0,2,2,2,1,1,0,2,0,2,0,0,0,0,0,0,2,1,0,0,3,1,0,1,1,0,3,1,0,0,1,2,0,1,0,0,2,3,1,1,0,1,1,0,1,0,0,1,0,2,0,2,0,1,2,0,1,2,0,1,0,0,1,1,1,0,2,0,1,0,1,0,0,2,0,3,2,2,1,0,0,2,0,0,1,0,1,0,1,1,0,0,0,1,1,0,0,1,0,4,1,1,0,11,1,1,0,0,0,2,11,0,1,14,5,9,0,2,1,9,0,0,1,0,1,0,0,0,0,0,0,0,0,0,0,0,14,0,0,0,0,0,0,0,0,0,0,0,0,0,1,0,0,13,0,0,0,0,14,0,0,0,0,0,0,14,0,14,0,0,0,1,13,8,6,0,14,1,13,1,13,1,0,0,0,0,0,0,0,0,0,1,0,0,0,0,0,10,0,1,1,0,0,14,0,0,0,0,0,0,0,0,0,0,0,0,0,0,0,0,0,2,0,0,1,0,0,0,0,0,0,0,0,0,0,0,0,0,11,0,0,4,10,0,14,5,9,12,2,0,0,8,6,0,0,14,0,0,0,12,1,0,1,10,1,0,3,10,1,0,3,7,1,0,6,7,0,0,7,7,0,0,7,6,0,0,8,6,0,0,8,4,1,0,9,3,2,0,9,2,3,0,9,5,0,0,9,2,2,0,10,3,1,0,10,4,0,0,10,3,1,0,10,4,0,0,10,4,0,0,10,2,1,0,11,3,0,0,11,3,0,0,11,1,0,0,13,0,14,0,0,0,0,0,0,0,4,10,0,0,0,0,0,1,2,11,0,0,14,0,0,13,1,13,1,0.0,0.0,0.0,0.0,0.0,0.0,0.0,0.0,0.0,0.0,0.0,0.0,0.0,0.0,0.0,0.0,0.0,0.0,0.0,1
30,186,1,0,1,0,0,0,0,0,0,0,0,0,0,0,0,0,0,0,0,0,0,0,0,0,0,0,0,0,0,0,1,0,0,0,0,0,0,0,0,0,0,0,0,0,0,0,1,0,0,0,0,0,0,0,0,0,0,0,0,0,0,0,0,0,0,0,0,0,1,0,0,0,0,0,0,0,1,0,0,0,0,0,0,0,0,0,0,0,0,0,0,0,0,0,0,0,0,1,0,0,0,0,0,0,0,0,0,0,0,0,0,0,0,0,0,0,0,0,0,1,0,0,0,0,0,0,0,0,0,0,0,1,0,0,0,0,1,0,0,1,0,1,0,0,0,0,0,0,1,0,0,0,0,0,0,0,0,0,0,0,0,0,1,0,0,0,0,0,0,0,0,0,0,0,0,0,0,0,0,1,0,0,0,0,1,0,0,0,0,0,0,1,0,1,0,0,0,0,1,0,1,0,1,0,1,0,1,0,0,0,0,0,0,0,0,0,0,0,0,0,0,0,0,1,0,0,0,0,0,1,0,0,0,0,0,0,0,0,0,0,0,0,0,0,0,0,0,0,0,0,0,0,0,0,0,0,0,0,0,0,0,0,0,0,1,0,0,0,1,0,1,0,1,1,0,0,0,1,0,0,0,1,0,0,0,1,0,0,0,1,0,0,0,0,0,0,1,0,0,0,1,0,0,0,1,0,0,0,1,0,0,0,1,0,0,0,1,0,0,0,1,0,0,0,1,0,0,0,1,0,0,0,1,0,0,0,1,0,0,0,1,0,0,0,1,0,0,0,1,0,0,0,1,0,0,0,1,0,0,0,1,0,0,0,1,0,0,0,1,0,0,0,1,0,1,0,0,0,0,0,0,0,0,1,0,0,0,0,0,0,0,1,0,0,1,0,0,1,0,1,0,0.0,0.0,0.0,0.0,0.0,0.0,0.0,0.0,0.0,0.0,0.0,0.0,0.0,0.0,0.0,0.0,0.0,0.0,0.0,1
31,832,10,0,0,0,0,0,0,0,0,0,0,0,0,4,0,0,0,0,0,0,0,0,0,0,0,0,0,1,0,0,0,0,0,0,0,0,0,3,0,0,0,1,0,1,0,0,0,0,0,0,0,0,0,1,0,0,1,0,0,0,0,0,0,0,1,2,0,1,0,0,0,0,0,0,0,1,0,0,0,0,0,0,1,0,1,0,0,0,1,0,0,0,0,0,0,1,0,0,0,1,0,0,2,0,0,0,0,0,0,0,0,0,0,0,0,0,1,0,0,0,1,1,0,0,0,1,0,1,0,3,0,0,0,0,0,0,3,0,1,4,0,4,0,2,0,1,0,0,0,0,1,0,0,0,0,0,0,0,0,0,0,0,4,0,0,0,0,0,0,0,0,0,0,0,0,0,0,0,0,4,0,0,0,0,4,0,0,0,0,0,0,4,0,4,0,0,0,0,4,0,4,0,4,0,4,0,4,0,0,0,1,0,0,1,0,0,1,0,0,0,0,0,0,1,0,0,0,0,0,3,0,0,1,0,0,0,0,0,0,0,0,0,0,0,0,0,0,0,0,0,0,1,0,0,0,0,0,0,0,0,0,0,0,0,3,0,0,3,1,1,3,1,3,3,0,0,1,1,0,0,3,0,0,0,4,0,0,0,4,0,0,0,4,0,0,0,4,0,0,0,4,0,0,0,4,0,0,0,4,0,0,0,4,0,0,0,4,0,0,0,4,0,0,0,4,0,0,0,4,0,0,0,4,0,0,0,4,0,0,0,4,0,0,0,4,0,0,0,4,0,0,0,4,0,0,0,4,0,0,0,4,0,0,0,4,0,0,0,4,0,0,0,4,0,4,0,0,0,0,0,0,0,4,0,0,0,0,0,0,0,3,1,0,0,4,0,0,3,1,2,2,0.0,0.0,0.0,0.0,0.0,0.0,0.0,0.0,0.0,0.0,0.0,0.0,0.0,0.0,0.0,0.0,0.0,0.0,0.0,1
32,361,6,0,0,0,0,0,1,0,0,0,0,0,0,0,2,0,0,0,0,0,0,0,1,1,1,0,0,0,0,0,0,0,0,0,0,0,0,0,0,1,0,0,0,0,0,0,0,1,0,0,0,0,0,0,0,0,1,0,0,0,0,0,0,0,0,1,0,0,1,0,0,0,1,0,0,0,0,0,0,0,0,0,0,0,0,0,0,1,1,0,1,0,0,0,0,0,1,0,0,0,0,1,1,0,0,0,0,0,0,0,1,0,0,0,0,0,0,0,1,0,0,1,0,0,0,0,0,0,0,3,0,0,0,0,0,0,2,0,1,3,0,3,0,0,0,1,0,1,0,0,0,1,0,0,0,0,0,0,0,0,0,0,3,0,0,0,0,0,0,0,0,0,0,0,0,0,0,0,0,3,0,0,0,0,3,0,0,0,0,0,0,3,0,3,0,0,0,2,1,0,3,0,3,0,3,0,3,0,1,0,0,0,0,0,0,0,0,0,0,0,0,0,0,2,0,0,0,0,0,3,0,0,0,0,0,0,0,0,0,0,0,0,0,0,0,0,0,0,0,0,0,0,0,0,0,0,0,0,0,0,0,0,0,0,3,0,0,1,2,0,3,0,3,2,1,0,0,2,1,0,0,2,1,0,0,3,0,0,0,2,1,0,0,3,0,0,0,2,0,0,1,2,0,0,1,2,0,0,1,2,0,0,1,1,1,0,1,2,0,0,1,1,1,0,1,2,0,0,1,1,1,0,1,0,1,0,2,1,0,0,2,1,0,0,2,0,1,0,2,1,0,0,2,1,0,0,2,1,0,0,2,1,0,0,2,1,0,0,2,1,0,0,2,0,3,0,0,0,0,0,0,0,1,2,0,0,0,0,1,0,2,0,0,0,3,0,0,3,0,2,1,0.0,0.0,0.0,0.0,0.0,0.0,0.0,0.0,0.0,0.0,0.0,0.0,0.0,0.0,0.0,0.0,0.0,0.0,0.0,1
33,143,1,0,0,0,0,0,0,0,0,0,0,0,0,1,0,0,0,0,0,0,0,0,0,0,0,0,0,1,0,0,0,0,0,0,0,0,0,0,0,0,0,0,0,1,0,0,0,0,0,0,0,0,0,0,0,0,0,0,0,0,0,0,0,0,0,1,0,0,0,0,0,0,0,0,0,1,0,0,0,0,0,0,0,0,0,0,0,0,0,0,0,0,0,0,0,0,0,0,0,0,0,0,1,0,0,0,0,0,0,0,0,0,0,1,0,0,0,0,0,0,0,0,0,0,0,0,0,0,0,0,0,0,0,1,0,0,0,1,0,1,0,1,0,0,0,0,0,0,0,0,1,0,0,0,0,0,0,0,0,0,0,0,1,0,0,0,0,0,0,0,0,0,0,0,0,0,0,0,0,1,0,0,0,0,1,0,0,0,0,0,0,1,0,1,0,0,0,0,1,0,1,0,1,0,1,0,1,0,0,0,0,0,0,0,0,0,0,0,0,0,0,0,0,0,0,1,0,0,0,1,0,0,0,0,0,0,0,0,0,0,0,0,0,0,0,0,0,0,0,0,0,0,0,0,0,0,0,0,0,0,0,0,0,0,1,0,0,1,0,0,1,0,1,1,0,0,0,0,0,0,1,0,0,0,1,0,0,0,1,0,0,0,1,0,0,0,1,0,0,0,1,0,0,0,1,0,0,0,1,0,0,0,1,0,0,0,1,0,0,0,1,0,0,0,1,0,0,0,1,0,0,0,1,0,0,0,1,0,0,0,1,0,0,0,1,0,0,0,1,0,0,0,1,0,0,0,1,0,0,0,1,0,0,0,1,0,0,0,1,0,0,0,1,0,1,0,0,0,0,0,0,0,1,0,0,0,0,0,0,0,0,1,0,0,1,0,0,0,1,0,1,0.0,0.0,0.0,0.0,0.0,0.0,0.0,0.0,0.0,0.0,0.0,0.0,0.0,0.0,0.0,0.0,0.0,0.0,0.0,1
34,18,1,0,0,0,0,0,0,0,1,0,0,0,0,0,0,0,0,0,0,0,0,0,0,0,0,0,0,0,0,0,1,0,0,0,0,0,0,0,0,0,0,0,0,1,0,0,0,0,0,0,0,0,0,0,0,0,0,0,0,0,0,0,1,0,0,0,0,0,0,0,0,0,0,0,0,1,0,0,0,0,0,0,0,0,0,0,0,0,0,0,0,0,0,0,0,0,0,0,0,0,0,0,0,0,0,0,1,0,0,0,0,0,0,0,0,0,0,0,0,0,1,0,0,0,0,0,0,0,0,1,0,0,0,0,0,0,1,0,0,1,0,1,0,0,0,1,0,0,0,0,0,0,0,0,0,0,0,0,0,0,0,0,1,0,0,0,0,0,0,0,0,0,0,0,0,0,0,0,0,1,0,0,0,0,1,0,0,0,0,0,0,1,0,1,0,0,0,0,1,0,1,0,1,0,1,0,1,0,0,0,0,0,0,0,0,0,0,0,0,0,0,0,0,1,0,0,0,0,0,1,0,0,0,0,0,0,0,0,0,0,0,0,0,0,0,0,0,0,0,0,0,0,0,0,0,0,0,0,0,0,0,0,0,0,1,0,0,0,1,0,1,0,1,1,0,0,0,1,0,0,0,0,0,0,1,0,0,0,1,0,0,0,1,0,0,0,1,0,0,0,1,0,0,0,1,0,0,0,1,0,0,0,1,0,0,0,1,0,0,0,1,0,0,0,1,0,0,0,1,0,0,0,1,0,0,0,1,0,0,0,1,0,0,0,1,0,0,0,1,0,0,0,1,0,0,0,1,0,0,0,1,0,0,0,1,0,0,0,1,0,0,0,1,0,1,0,0,0,0,0,0,0,0,1,0,0,0,0,0,0,1,0,0,0,1,0,0,0,1,1,0,0.0,0.0,0.0,0.0,0.0,0.0,0.0,0.0,0.0,0.0,0.0,0.0,0.0,0.0,0.0,0.0,0.0,0.0,0.0,0
35,1121,55,0,1,0,0,0,2,1,1,0,1,0,1,1,0,0,0,0,1,0,1,0,1,0,1,0,0,1,0,0,6,0,1,0,0,0,0,0,0,0,0,0,0,1,0,1,1,1,2,0,0,1,0,0,1,0,2,1,1,0,0,0,0,1,0,1,1,0,1,1,0,0,1,2,1,2,0,0,0,0,0,0,1,0,0,0,2,0,1,1,2,0,0,0,0,1,0,0,1,2,0,0,4,1,0,1,0,0,0,0,0,0,0,0,1,0,1,2,0,0,2,0,0,0,1,1,2,0,1,4,1,1,0,3,0,0,7,2,1,10,0,10,0,0,1,0,0,4,1,0,1,0,3,0,0,0,0,0,0,0,0,0,10,0,0,0,0,0,0,0,0,0,0,0,0,0,0,0,0,10,0,0,0,0,10,0,0,0,0,0,0,10,0,10,0,0,0,0,10,0,10,0,10,0,10,0,10,0,0,0,0,0,1,0,0,0,1,0,1,0,1,0,0,5,0,1,0,0,0,10,0,0,0,0,0,0,0,0,0,0,0,0,0,0,0,0,0,0,0,0,0,0,0,0,0,0,0,0,0,0,0,0,0,0,10,0,0,6,4,0,10,0,10,10,0,0,0,9,0,0,1,8,0,0,2,8,0,0,2,8,0,0,2,8,0,0,2,8,0,0,2,6,0,0,4,5,0,0,5,4,0,0,6,3,0,0,7,3,0,0,7,3,0,0,7,3,0,0,7,3,0,0,7,3,0,0,7,3,0,0,7,3,0,0,7,3,0,0,7,2,0,0,8,1,0,0,9,1,0,0,9,1,0,0,9,1,0,0,9,1,0,0,9,0,10,0,0,0,0,0,0,0,6,4,0,0,0,0,0,0,2,7,1,0,10,0,0,9,1,9,1,0.0,0.0,0.0,0.0,0.0,0.0,0.0,0.0,0.0,0.0,0.0,0.0,0.0,0.0,0.0,0.0,0.0,0.0,0.0,1
36,47,91,3,0,0,0,0,0,0,0,1,2,2,1,0,0,1,2,0,0,0,1,1,0,0,0,2,0,0,1,0,4,1,0,0,0,4,0,0,0,0,0,0,1,3,0,1,1,2,2,0,0,0,3,0,0,0,0,4,1,0,0,0,1,1,0,2,0,0,3,0,0,0,1,0,1,4,0,0,1,0,2,1,0,1,0,0,0,3,0,0,0,0,1,1,3,0,0,0,0,0,1,0,2,0,2,0,3,0,0,0,1,1,2,0,0,0,0,0,0,0,2,0,1,1,0,4,1,0,1,10,0,1,0,1,1,0,12,0,0,13,0,13,0,2,0,0,0,8,1,0,0,1,0,0,1,0,0,0,0,0,0,0,13,0,0,0,0,0,0,0,0,0,0,0,0,0,0,0,0,13,0,0,0,0,13,0,0,0,0,0,0,13,0,13,0,0,0,0,13,0,13,0,13,0,13,0,13,0,1,0,0,0,0,0,0,0,1,0,0,0,0,0,0,11,0,0,0,0,0,12,0,0,1,0,0,0,0,0,0,0,0,0,0,0,0,0,0,0,0,0,0,1,0,0,0,0,0,0,0,0,0,0,0,0,12,0,0,2,11,1,12,1,12,13,0,0,0,13,0,0,0,13,0,0,0,13,0,0,0,11,0,0,2,9,0,0,4,8,0,0,5,8,0,0,5,8,0,0,5,8,0,0,5,7,0,0,6,6,0,0,7,4,0,0,9,3,0,0,10,3,0,0,10,3,0,0,10,3,0,0,10,2,0,0,11,2,0,0,11,2,0,0,11,2,0,0,11,2,0,0,11,1,0,0,12,1,0,0,12,0,0,0,13,0,13,0,0,0,0,0,0,0,1,12,0,0,0,1,1,0,2,9,0,0,13,0,0,10,3,11,2,0.0,0.0,0.0,0.0,0.0,0.0,0.0,0.0,0.0,0.0,0.0,0.0,0.0,0.0,0.0,0.0,0.0,0.0,0.0,0
37,24,10,0,0,0,1,0,0,0,0,2,0,0,0,0,0,0,0,0,0,1,0,0,0,0,0,0,0,0,0,0,4,0,0,0,0,0,0,0,0,0,0,0,0,2,0,0,1,0,0,0,1,0,0,0,0,0,0,0,0,0,0,0,1,1,0,1,0,0,0,0,1,0,0,0,0,2,0,0,1,0,0,0,0,0,0,0,1,0,0,0,0,0,0,0,0,0,0,0,0,0,2,0,2,0,0,0,0,0,0,0,0,0,1,0,1,1,0,0,0,0,0,0,0,0,0,0,1,0,0,0,1,1,0,2,0,1,2,1,0,4,0,4,0,1,0,0,1,0,1,0,0,1,0,0,0,0,0,0,0,0,0,0,4,0,0,0,0,0,0,0,0,0,0,0,0,0,0,0,0,4,0,0,0,0,4,0,0,0,0,0,0,4,0,4,0,0,0,0,4,0,4,0,4,0,4,0,4,0,0,0,1,0,1,0,0,0,0,0,0,0,0,0,0,2,0,0,0,0,0,4,0,0,0,0,0,0,0,0,0,0,0,0,0,0,0,0,0,0,0,0,0,0,0,0,0,0,0,0,0,0,0,0,0,0,4,0,0,2,2,0,4,0,4,4,0,0,0,4,0,0,0,4,0,0,0,4,0,0,0,3,0,0,1,3,0,0,1,2,0,0,2,2,0,0,2,2,0,0,2,2,0,0,2,2,0,0,2,2,0,0,2,2,0,0,2,2,0,0,2,2,0,0,2,2,0,0,2,2,0,0,2,2,0,0,2,2,0,0,2,2,0,0,2,2,0,0,2,2,0,0,2,2,0,0,2,2,0,0,2,0,0,0,4,0,4,0,0,0,0,0,0,0,2,2,0,0,0,0,0,0,2,2,0,0,4,0,0,2,2,3,1,0.0,0.0,0.0,0.0,0.0,0.0,0.0,0.0,0.0,0.0,0.0,0.0,0.0,0.0,0.0,0.0,0.0,0.0,0.0,0
38,14,15,1,0,1,1,0,1,1,0,0,0,0,0,0,0,0,0,0,0,0,0,1,1,0,1,0,0,0,0,0,1,0,0,1,0,0,0,0,0,1,0,0,1,0,0,0,0,0,0,0,1,0,0,1,0,1,0,0,1,0,0,0,1,0,0,1,0,0,2,0,0,0,0,0,0,0,0,0,0,0,0,0,1,0,1,0,1,1,0,1,0,0,0,0,1,1,0,0,1,0,0,0,1,0,0,1,0,0,0,2,0,0,0,0,0,0,0,0,1,0,0,0,1,1,0,0,0,0,0,4,0,0,1,0,0,0,5,0,0,5,0,5,0,0,0,0,0,3,0,0,0,0,0,0,2,0,0,0,0,0,0,0,5,0,0,0,0,0,0,0,0,0,0,0,0,0,0,0,0,5,0,0,0,0,5,0,0,0,0,0,0,5,0,5,0,0,0,0,5,0,5,0,5,0,5,0,5,0,0,0,0,0,0,0,0,0,0,0,0,0,0,0,0,5,0,0,0,0,0,5,0,0,0,0,0,0,0,0,0,0,0,0,0,0,0,0,0,0,0,0,0,0,0,0,0,0,0,0,0,0,0,0,0,0,5,0,0,0,5,0,5,0,5,5,0,0,0,5,0,0,0,4,0,0,1,4,0,0,1,3,0,0,2,2,0,0,3,2,0,0,3,2,0,0,3,2,0,0,3,2,0,0,3,2,0,0,3,2,0,0,3,2,0,0,3,2,0,0,3,2,0,0,3,2,0,0,3,2,0,0,3,2,0,0,3,2,0,0,3,2,0,0,3,2,0,0,3,2,0,0,3,2,0,0,3,1,0,0,4,0,0,0,5,0,5,0,0,0,0,0,0,0,1,4,0,0,0,1,1,0,1,2,0,0,5,0,0,5,0,4,1,0.0,0.0,0.0,0.0,0.0,0.0,0.0,0.0,0.0,0.0,0.0,0.0,0.0,0.0,0.0,0.0,0.0,0.0,0.0,0
39,724,3,0,0,0,0,0,0,0,0,0,0,0,0,0,0,0,0,0,0,1,1,0,0,0,0,0,0,2,0,0,0,0,0,0,0,0,0,0,0,0,0,1,0,1,0,0,0,0,0,0,0,0,0,0,0,0,0,0,0,0,0,0,0,0,0,1,1,0,0,0,0,0,0,0,0,1,0,0,0,0,0,0,0,0,0,0,0,0,0,0,1,0,0,0,0,0,0,0,0,0,0,1,1,0,0,0,0,0,0,0,0,0,0,0,0,1,0,0,0,0,0,0,1,0,0,0,0,0,0,0,1,0,1,0,0,0,1,0,1,2,0,1,1,1,0,0,0,0,0,0,0,0,1,0,0,0,0,0,0,0,0,0,2,0,0,0,0,0,0,0,0,0,0,0,0,0,0,0,0,2,0,0,0,0,2,0,0,0,0,0,0,2,0,2,0,0,0,0,2,1,1,0,2,0,2,0,2,0,0,0,0,0,0,0,0,0,0,0,0,0,0,0,0,1,1,0,0,0,0,2,0,0,0,0,0,0,0,0,0,0,0,0,0,0,0,0,0,0,0,0,0,0,0,0,0,0,0,0,0,0,0,0,0,0,2,0,0,1,1,0,2,1,1,2,0,0,0,1,1,0,0,2,0,0,0,1,0,0,1,1,0,0,1,1,0,0,1,1,0,0,1,1,0,0,1,1,0,0,1,1,0,0,1,1,0,0,1,1,0,0,1,1,0,0,1,0,0,0,2,0,0,0,2,0,0,0,2,0,0,0,2,0,0,0,2,0,0,0,2,0,0,0,2,0,0,0,2,0,0,0,2,0,0,0,2,0,0,0,2,0,0,0,2,0,2,0,0,0,0,0,0,0,1,1,0,0,0,0,0,0,1,1,0,0,2,0,0,1,1,1,1,0.0,0.0,0.0,0.0,0.0,0.0,0.0,0.0,0.0,0.0,0.0,0.0,0.0,0.0,0.0,0.0,0.0,0.0,0.0,1
40,35,21,0,0,0,0,0,0,2,0,0,0,1,0,0,1,2,0,0,0,0,0,0,0,0,0,0,1,0,0,2,0,0,0,0,0,2,0,1,0,1,0,0,0,0,0,0,0,0,0,0,2,0,0,2,0,0,1,0,0,0,0,0,0,0,0,1,0,0,0,0,1,2,0,2,0,0,0,0,0,0,0,0,1,0,0,1,1,2,0,0,1,0,0,0,0,0,3,0,0,0,0,1,1,0,0,0,1,0,0,1,0,0,0,0,0,0,1,0,1,0,0,0,1,2,0,0,0,0,0,6,0,0,0,0,0,0,6,0,0,6,0,6,0,1,0,4,0,0,0,0,0,1,0,0,0,0,0,0,0,0,0,0,6,0,0,0,0,0,0,0,0,0,0,0,0,0,0,0,0,6,0,0,0,0,6,0,0,0,0,0,0,6,0,6,0,0,0,4,2,1,5,0,6,0,6,0,6,0,0,0,0,0,0,0,0,0,0,0,0,0,0,0,0,6,0,0,0,0,0,6,0,0,0,0,0,0,0,0,0,0,0,0,0,0,0,0,0,0,0,0,0,0,0,0,0,0,0,0,0,0,0,0,0,0,6,0,0,0,6,0,6,0,6,6,0,0,0,6,0,0,0,6,0,0,0,6,0,0,0,6,0,0,0,6,0,0,0,6,0,0,0,6,0,0,0,6,0,0,0,6,0,0,0,6,0,0,0,5,1,0,0,6,0,0,0,6,0,0,0,4,2,0,0,4,1,0,1,5,0,0,1,5,0,0,1,5,0,0,1,4,0,0,2,4,0,0,2,4,0,0,2,3,1,0,2,3,0,0,3,3,0,0,3,0,6,0,0,0,0,0,0,0,1,5,0,0,0,0,0,0,3,3,0,0,6,0,0,6,0,5,1,0.0,0.0,0.0,0.0,0.0,0.0,0.0,0.0,0.0,0.0,0.0,0.0,0.0,0.0,0.0,0.0,0.0,0.0,0.0,0
41,8,6,0,0,1,0,0,0,0,0,0,0,0,0,1,0,0,0,0,0,0,1,0,0,1,0,0,0,1,0,0,1,0,0,0,0,0,0,0,0,0,0,1,0,0,0,0,0,0,0,1,0,0,0,1,0,0,0,0,0,0,0,0,0,0,0,1,0,0,0,0,1,0,1,0,0,0,0,0,0,0,0,0,1,0,1,0,0,0,1,0,0,0,0,0,0,1,0,0,0,0,0,0,2,0,0,0,0,0,0,0,0,0,0,0,0,0,0,0,0,1,0,1,0,1,0,0,0,0,0,1,0,0,0,2,0,0,1,2,0,3,0,3,0,0,0,2,0,1,0,0,0,0,0,0,0,0,0,0,0,0,0,0,3,0,0,0,0,0,0,0,0,0,0,0,0,0,0,0,0,3,0,0,0,0,3,0,0,0,0,0,0,3,0,3,0,0,0,0,3,0,3,0,3,0,3,0,3,0,0,0,0,2,0,0,0,0,0,1,0,0,0,0,0,0,0,0,0,0,0,3,0,0,0,0,0,0,0,0,0,0,0,0,0,0,0,0,0,0,0,0,0,0,0,0,0,0,0,0,0,0,0,0,0,0,3,0,0,3,0,0,3,0,3,3,0,0,0,2,0,0,1,2,0,0,1,2,0,0,1,1,0,0,2,1,0,0,2,1,0,0,2,1,0,0,2,1,0,0,2,1,0,0,2,1,0,0,2,1,0,0,2,1,0,0,2,1,0,0,2,1,0,0,2,0,0,0,3,0,0,0,3,0,0,0,3,0,0,0,3,0,0,0,3,0,0,0,3,0,0,0,3,0,0,0,3,0,0,0,3,0,0,0,3,0,3,0,0,0,0,0,0,0,3,0,0,0,0,0,0,0,1,2,0,0,3,0,0,3,0,2,1,0.0,0.0,0.0,0.0,0.0,0.0,0.0,0.0,0.0,0.0,0.0,0.0,0.0,0.0,0.0,0.0,0.0,0.0,0.0,0
42,7,3,0,0,1,0,0,0,0,0,0,0,0,0,1,0,0,0,0,0,0,0,0,0,0,0,0,0,0,0,0,1,0,0,0,0,0,0,0,1,0,0,0,0,2,0,0,0,0,0,0,0,0,0,0,0,0,0,0,0,0,0,0,0,0,0,2,0,0,0,0,0,0,0,0,0,2,0,0,0,0,0,0,0,0,0,0,0,0,0,0,0,0,0,0,0,0,0,0,0,0,0,0,2,0,0,0,0,0,0,0,1,1,0,0,0,0,0,0,0,0,0,0,0,0,0,0,0,0,0,1,0,0,0,1,0,0,1,1,0,2,0,2,0,1,0,0,0,1,0,0,0,0,0,0,0,0,0,0,0,0,0,0,2,0,0,0,0,0,0,0,0,0,0,0,0,0,0,0,0,2,0,0,0,0,2,0,0,0,0,0,0,2,0,2,0,0,0,0,2,0,2,0,2,0,2,0,2,0,0,0,0,0,0,0,0,0,1,0,0,0,0,0,1,0,0,0,0,0,0,1,0,0,1,0,0,0,0,0,0,0,0,0,0,0,0,0,0,0,0,0,0,1,0,0,0,0,0,0,0,0,0,0,0,0,1,0,0,2,0,1,1,1,1,1,0,0,1,0,0,0,2,0,0,0,2,0,0,0,2,0,0,0,2,0,0,0,2,0,0,0,2,0,0,0,2,0,0,0,2,0,0,0,2,0,0,0,2,0,0,0,2,0,0,0,2,0,0,0,2,0,0,0,2,0,0,0,2,0,0,0,2,0,0,0,2,0,0,0,2,0,0,0,2,0,0,0,2,0,0,0,2,0,0,0,2,0,0,0,2,0,0,0,2,0,2,0,0,0,0,0,0,0,1,1,0,0,0,0,0,0,2,0,0,0,2,0,0,0,2,0,2,0.0,0.0,0.0,0.0,0.0,0.0,0.0,0.0,0.0,0.0,0.0,0.0,0.0,0.0,0.0,0.0,0.0,0.0,0.0,0
43,21,66,0,2,1,0,1,1,0,1,0,0,0,0,0,2,0,0,1,0,1,1,0,1,2,1,0,4,1,0,1,0,0,0,0,0,1,0,0,0,1,2,0,0,1,0,0,0,0,0,0,0,0,0,3,3,0,1,1,0,1,0,0,2,0,1,2,0,0,0,0,0,1,1,2,0,1,0,0,0,1,0,2,3,1,1,0,0,0,1,0,1,0,1,0,0,1,0,0,0,0,0,2,2,0,0,1,4,3,0,2,0,0,0,0,1,1,0,0,0,0,0,1,1,0,1,0,1,0,0,8,0,0,2,1,1,1,9,0,0,11,0,11,0,0,0,3,1,0,1,0,0,2,1,0,0,0,3,0,0,0,0,0,11,0,0,0,0,0,0,0,0,0,0,0,0,0,0,0,0,11,0,0,0,0,11,0,0,0,0,0,0,11,0,11,0,0,0,2,9,0,11,0,11,0,11,0,11,0,0,0,1,1,0,0,0,0,0,0,0,0,0,0,0,9,0,0,0,0,0,11,0,0,0,0,0,0,0,0,0,0,0,0,0,0,0,0,0,0,0,0,0,0,0,0,0,0,0,0,0,0,0,0,0,0,11,0,0,2,9,0,11,0,11,11,0,0,0,9,1,0,1,9,0,0,2,8,0,0,3,6,1,0,4,6,1,0,4,6,0,0,5,6,0,0,5,6,0,0,5,5,0,0,6,3,1,0,7,4,0,0,7,4,0,0,7,4,0,0,7,4,0,0,7,4,0,0,7,4,0,0,7,3,0,0,8,3,0,0,8,3,0,0,8,3,0,0,8,3,0,0,8,3,0,0,8,3,0,0,8,3,0,0,8,0,11,0,0,0,0,0,0,0,3,8,0,0,0,0,0,0,3,8,0,0,11,0,0,10,1,9,2,0.0,0.0,0.0,0.0,0.0,0.0,0.0,0.0,0.0,0.0,0.0,0.0,0.0,0.0,0.0,0.0,0.0,0.0,0.0,0
44,1397,21,0,1,0,0,0,0,0,0,1,2,0,0,1,0,0,0,1,0,0,0,0,0,0,0,0,0,2,1,0,0,0,0,0,0,0,0,2,1,0,0,0,0,2,0,0,1,0,0,0,0,0,1,0,0,1,1,1,0,0,0,0,0,2,0,2,0,0,0,0,0,0,0,1,0,3,0,0,1,0,0,0,0,1,0,0,1,0,0,0,0,0,0,0,0,0,0,1,0,0,1,0,3,0,1,0,0,0,0,1,0,0,0,0,0,0,0,1,0,0,1,0,0,1,1,0,1,0,0,3,0,2,0,1,0,1,4,1,0,6,0,5,1,1,0,3,0,0,0,0,1,0,1,0,0,0,0,0,0,0,0,0,6,0,0,0,0,0,0,0,0,0,0,0,0,0,0,0,0,6,0,0,0,0,6,0,0,0,0,0,0,6,0,6,0,0,0,1,5,2,4,2,4,2,4,1,5,0,0,0,0,0,0,2,0,0,0,0,0,0,1,0,0,3,0,0,0,0,0,6,0,0,0,0,0,0,0,0,0,0,0,0,0,0,0,0,0,0,0,0,0,0,0,0,0,0,0,0,0,0,0,0,0,0,6,0,0,3,3,0,6,1,5,5,0,0,1,3,1,0,2,3,0,0,3,2,1,1,2,3,0,1,2,4,0,0,2,3,0,0,3,2,0,0,4,2,0,0,4,2,0,0,4,0,0,0,6,0,0,0,6,0,0,0,6,0,0,0,6,0,0,0,6,0,0,0,6,0,0,0,6,0,0,0,6,0,0,0,6,0,0,0,6,0,0,0,6,0,0,0,6,0,0,0,6,0,0,0,6,0,0,0,6,0,6,0,0,0,0,0,0,0,3,2,1,0,0,0,0,0,2,4,0,1,5,0,0,4,2,4,2,0.0,0.0,0.0,0.0,0.0,0.0,0.0,0.0,0.0,0.0,0.0,0.0,0.0,0.0,0.0,0.0,0.0,0.0,0.0,1
45,1427,36,0,0,0,0,1,0,0,1,0,1,0,0,1,0,0,2,0,0,2,0,0,0,1,1,0,0,0,1,2,2,0,0,0,1,0,0,0,0,0,1,1,0,0,0,0,1,2,0,0,0,0,1,0,2,0,0,1,0,0,0,0,1,2,0,0,2,0,1,0,0,0,0,1,0,0,0,0,0,3,0,1,1,2,0,0,0,0,1,0,0,0,2,2,0,0,0,0,2,1,0,1,0,0,0,0,0,0,1,0,3,1,0,0,0,0,0,1,1,0,0,0,1,0,0,0,0,0,1,6,0,0,1,0,1,0,7,0,0,8,2,6,0,0,0,0,2,6,0,0,0,0,0,0,0,0,0,0,0,0,0,0,8,0,0,0,0,0,0,0,0,0,0,0,0,0,0,0,0,8,0,0,0,0,8,0,0,0,0,0,0,8,0,8,0,0,0,4,4,3,5,0,8,0,8,0,8,0,0,0,0,0,0,1,0,0,1,0,0,0,0,0,0,6,0,0,0,0,0,7,0,0,1,0,0,0,0,0,0,0,0,0,0,0,0,0,0,1,0,0,1,1,0,0,0,0,0,0,0,0,0,0,0,0,5,0,0,2,6,1,7,3,5,4,3,0,1,6,1,0,1,4,2,0,2,3,3,0,2,5,1,0,2,6,0,0,2,3,0,0,5,1,0,0,7,1,0,0,7,1,0,0,7,1,0,0,7,0,0,0,8,0,0,0,8,0,0,0,8,0,0,0,8,0,0,0,8,0,0,0,8,0,0,0,8,0,0,0,8,0,0,0,8,0,0,0,8,0,0,0,8,0,0,0,8,0,0,0,8,0,0,0,8,0,8,0,0,0,0,0,0,0,1,7,0,0,0,0,1,0,1,6,0,0,8,0,0,8,0,8,0,0.0,0.0,0.0,0.0,0.0,0.0,0.0,0.0,0.0,0.0,0.0,0.0,0.0,0.0,0.0,0.0,0.0,0.0,0.0,1
46,841,3,0,0,0,0,0,0,1,0,0,0,0,0,1,0,0,0,0,0,0,0,0,0,0,0,0,0,0,0,0,2,0,0,0,0,0,0,0,0,0,0,0,0,1,0,0,1,0,0,0,0,0,0,0,0,0,0,0,0,0,1,0,0,0,0,1,0,0,0,0,0,0,0,0,0,1,0,1,0,0,0,0,0,0,0,0,0,0,0,0,0,0,0,0,0,0,1,0,0,0,0,0,1,0,0,0,0,0,0,0,0,0,0,1,1,0,0,0,0,0,0,0,0,0,0,0,0,1,1,0,0,0,0,0,0,0,2,0,0,2,0,2,0,0,0,0,1,0,0,0,0,0,1,0,0,0,0,0,0,0,0,0,2,0,0,0,0,0,0,0,0,0,0,0,0,0,0,0,0,2,0,0,0,0,2,0,0,0,0,0,0,2,0,2,0,0,0,0,2,0,2,0,2,0,2,0,2,0,0,0,0,0,0,0,0,0,0,0,0,0,0,0,0,2,0,0,0,0,0,2,0,0,0,0,0,0,0,0,0,0,0,0,0,0,0,0,0,0,0,0,0,0,0,0,0,0,0,0,0,0,0,0,0,0,2,0,0,0,2,0,2,0,2,2,0,0,0,1,0,0,1,0,0,0,2,0,0,0,2,0,0,0,2,0,0,0,2,0,0,0,2,0,0,0,2,0,0,0,2,0,0,0,2,0,0,0,2,0,0,0,2,0,0,0,2,0,0,0,2,0,0,0,2,0,0,0,2,0,0,0,2,0,0,0,2,0,0,0,2,0,0,0,2,0,0,0,2,0,0,0,2,0,0,0,2,0,0,0,2,0,0,0,2,0,2,0,0,0,0,0,0,0,1,1,0,0,0,0,0,0,1,1,0,0,2,0,0,1,1,1,1,0.0,0.0,0.0,0.0,0.0,0.0,0.0,0.0,0.0,0.0,0.0,0.0,0.0,0.0,0.0,0.0,0.0,0.0,0.0,1
47,20,120,0,0,2,0,0,5,0,1,1,2,0,1,0,0,0,0,0,1,1,1,0,1,0,1,0,0,0,0,0,3,0,0,0,2,1,0,1,6,0,0,0,0,8,0,0,4,1,0,0,1,0,0,0,0,0,1,0,0,0,7,0,0,4,0,2,0,0,1,0,0,0,0,1,0,1,2,0,1,5,0,1,0,0,0,0,1,0,0,3,1,0,0,0,0,0,0,1,6,0,1,0,2,0,0,3,2,0,0,0,0,8,1,1,0,0,0,0,0,0,3,0,0,1,0,1,0,0,2,12,0,0,0,1,0,1,14,0,0,15,0,15,0,0,1,1,0,4,1,6,0,0,2,0,0,0,0,0,0,0,0,0,15,0,0,0,0,0,0,0,0,0,0,0,0,0,0,0,0,15,0,0,0,0,15,0,0,0,0,0,0,15,0,15,0,0,0,0,15,4,11,1,14,1,14,2,13,0,1,0,0,0,0,0,0,0,1,0,0,0,0,0,1,12,0,0,0,0,0,14,0,0,1,0,0,0,0,0,0,0,0,0,0,0,0,0,0,0,0,0,0,1,0,0,0,0,0,0,0,0,0,0,0,0,14,0,0,3,12,1,14,1,14,12,2,0,1,11,2,0,2,12,0,0,3,5,1,0,9,6,0,0,9,6,0,0,9,3,0,0,12,2,0,0,13,2,0,0,13,2,0,0,13,2,0,0,13,2,0,0,13,2,0,0,13,2,0,0,13,2,0,0,13,2,0,0,13,2,0,0,13,2,0,0,13,2,0,0,13,2,0,0,13,2,0,0,13,2,0,0,13,1,0,0,14,1,0,0,14,1,0,0,14,0,15,0,0,0,0,0,0,0,2,12,1,0,0,0,0,0,2,4,9,0,15,0,0,14,1,13,2,0.0,0.0,0.0,0.0,0.0,0.0,0.0,0.0,0.0,0.0,0.0,0.0,0.0,0.0,0.0,0.0,0.0,0.0,0.0,1
48,468,3,0,0,0,0,0,1,0,0,0,0,0,0,0,0,0,0,0,0,0,1,0,0,0,0,0,0,0,0,0,2,0,0,0,0,0,0,0,0,0,0,0,0,2,0,0,0,0,0,0,0,0,0,0,0,0,0,0,0,0,0,0,0,0,0,2,0,0,0,0,0,0,0,0,0,2,0,0,0,0,0,0,0,0,0,0,0,0,0,0,0,0,0,0,0,0,0,0,0,0,0,0,2,0,0,0,0,0,0,0,1,0,0,0,0,1,0,0,0,0,0,0,0,0,0,0,0,0,0,1,1,0,0,0,0,0,1,0,1,2,1,1,0,0,0,0,0,0,0,0,0,0,1,1,0,0,0,0,0,0,0,0,2,0,0,0,0,0,0,0,0,0,0,0,0,0,0,0,0,2,0,0,0,0,2,0,0,0,0,0,0,2,0,2,0,0,0,0,2,1,1,1,1,0,2,0,2,0,0,0,0,0,0,0,0,0,0,0,1,0,0,0,0,1,0,0,0,0,0,2,0,0,0,0,0,0,0,0,0,0,0,0,0,0,0,0,0,0,0,0,0,0,0,0,0,0,0,0,1,0,0,0,0,0,1,0,0,1,1,0,2,1,1,2,0,0,0,1,0,0,1,1,0,0,1,1,0,0,1,1,0,0,1,1,0,0,1,1,0,0,1,1,0,0,1,1,0,0,1,1,0,0,1,1,0,0,1,1,0,0,1,1,0,0,1,1,0,0,1,1,0,0,1,1,0,0,1,1,0,0,1,1,0,0,1,1,0,0,1,1,0,0,1,1,0,0,1,1,0,0,1,1,0,0,1,1,0,0,1,0,0,0,2,0,2,0,0,0,0,0,0,0,2,0,0,0,0,0,0,0,1,1,0,0,2,0,0,0,2,0,2,0.0,0.0,0.0,0.0,0.0,0.0,0.0,0.0,0.0,0.0,0.0,0.0,0.0,0.0,0.0,0.0,0.0,0.0,0.0,1
49,11,21,0,0,0,2,0,0,1,0,0,1,0,0,0,1,0,0,0,0,1,0,0,0,0,0,0,0,0,0,1,2,0,0,0,1,0,0,1,1,0,0,1,0,2,0,0,1,0,0,0,0,0,0,0,1,1,0,0,0,0,0,0,1,1,0,2,1,1,0,0,0,0,0,0,0,3,0,0,0,0,0,0,0,0,0,1,0,0,0,1,1,1,0,0,1,0,0,0,1,0,0,0,2,0,0,1,0,0,1,0,1,0,0,0,0,0,0,0,1,0,1,0,0,2,0,0,0,0,2,3,0,1,0,0,0,1,5,0,0,6,1,5,0,0,1,0,0,1,0,0,0,2,1,1,0,0,0,0,0,0,0,0,6,0,0,0,0,0,0,0,0,1,0,0,0,0,0,0,0,5,0,0,0,0,6,0,0,0,0,0,0,6,0,6,0,0,0,0,6,4,2,1,5,1,5,1,5,0,0,0,0,0,0,1,0,0,0,0,0,1,0,0,0,4,0,0,0,0,0,6,0,0,0,0,0,0,0,0,0,0,0,0,0,0,0,0,0,0,0,0,1,0,0,0,0,0,0,0,0,0,0,0,0,0,5,0,0,2,4,0,6,1,5,4,0,0,2,3,1,0,2,3,1,0,2,4,0,0,2,4,0,1,1,3,2,0,1,1,3,0,2,3,1,0,2,3,1,0,2,2,2,0,2,3,0,0,3,3,0,0,3,1,2,0,3,1,1,0,4,1,1,0,4,0,1,0,5,0,1,0,5,1,0,0,5,0,1,0,5,0,1,0,5,0,1,0,5,0,1,0,5,0,1,0,5,1,0,0,5,0,0,0,6,0,6,0,0,0,0,0,0,0,2,4,0,0,0,0,0,0,2,4,0,0,6,0,0,4,2,4,2,0.0,0.0,0.0,0.0,0.0,0.0,0.0,0.0,0.0,0.0,0.0,0.0,0.0,0.0,0.0,0.0,0.0,0.0,0.0,0
50,50,55,0,0,0,0,1,0,4,0,1,0,1,0,0,1,0,0,0,0,1,1,0,0,0,4,1,2,0,0,0,1,0,0,0,0,2,0,0,0,0,0,0,0,3,0,0,1,1,2,0,2,1,0,0,0,0,0,2,0,1,0,0,1,0,0,4,0,0,0,0,0,0,1,1,0,4,0,2,0,1,0,0,0,0,0,1,0,2,0,0,0,0,0,0,1,0,2,0,0,0,0,2,4,0,0,0,1,0,1,0,0,4,1,2,0,0,0,0,0,1,1,0,0,0,0,0,0,0,1,9,0,0,0,0,0,0,9,1,0,10,0,10,0,0,0,0,0,9,0,0,0,0,1,0,0,0,0,0,0,0,0,0,10,0,0,0,0,0,0,0,0,0,0,0,0,0,0,0,0,10,0,0,0,0,10,0,0,0,0,0,0,10,0,10,0,0,0,6,4,2,8,3,7,3,7,3,7,0,0,0,0,0,0,0,0,0,3,0,0,0,0,0,1,6,0,0,0,0,0,7,0,0,3,0,0,0,0,0,0,0,0,0,0,0,0,0,0,0,0,0,0,3,0,0,0,0,0,0,0,0,0,0,0,0,7,0,0,4,6,3,7,3,7,8,2,0,0,9,0,0,1,8,0,0,2,6,1,0,3,6,0,0,4,5,1,0,4,5,1,1,3,6,1,0,3,5,1,0,4,6,0,0,4,6,0,0,4,4,0,0,6,3,0,0,7,3,0,0,7,3,0,0,7,3,0,0,7,3,0,0,7,3,0,1,6,2,1,0,7,2,0,0,8,2,0,0,8,2,0,0,8,2,0,0,8,2,0,0,8,1,1,0,8,0,10,0,0,0,0,0,0,0,2,8,0,0,0,0,1,0,4,5,0,0,10,0,0,7,3,6,4,0.0,0.0,0.0,0.0,0.0,0.0,0.0,0.0,0.0,0.0,0.0,0.0,0.0,0.0,0.0,0.0,0.0,0.0,0.0,0
51,1220,3,0,0,0,0,0,0,1,1,0,0,0,0,0,0,0,0,0,0,0,0,0,0,0,1,0,0,1,0,0,0,0,0,0,0,0,0,0,0,0,0,0,0,1,0,0,0,0,0,0,0,1,0,0,0,0,0,0,0,0,0,0,0,0,0,1,0,1,0,0,0,0,0,0,0,1,0,0,0,1,0,0,0,0,0,0,0,0,0,0,0,0,0,0,0,0,0,0,1,0,0,0,1,0,0,0,0,0,1,0,0,0,0,0,0,0,0,0,0,0,1,0,0,0,0,0,0,0,0,1,0,0,0,1,0,0,2,0,0,2,0,2,0,0,0,0,0,0,0,0,0,0,2,0,0,0,0,0,0,0,0,0,2,0,0,0,0,0,0,0,0,0,0,0,0,0,0,0,0,2,0,0,0,0,2,0,0,0,0,0,0,2,0,2,0,0,0,1,1,0,2,1,1,1,1,0,2,0,0,0,1,0,0,0,0,0,0,0,0,0,0,0,0,1,0,0,0,0,0,2,0,0,0,0,0,0,0,0,0,0,0,0,0,0,0,0,0,0,0,0,0,0,0,0,0,0,0,0,0,0,0,0,0,0,2,0,0,1,1,0,2,0,2,1,1,0,0,1,0,1,0,1,0,1,0,1,0,0,1,0,0,0,2,0,0,1,1,0,1,0,1,0,1,0,1,0,1,0,1,0,1,0,1,1,0,0,1,1,0,0,1,0,1,0,1,1,0,0,1,1,0,0,1,1,0,0,1,1,0,0,1,1,0,0,1,1,0,0,1,1,0,0,1,0,0,0,2,0,0,0,2,0,0,0,2,0,0,0,2,0,0,0,2,0,2,0,0,0,0,0,0,0,1,1,0,0,0,0,1,0,1,0,0,0,2,0,0,1,1,1,1,0.0,0.0,0.0,0.0,0.0,0.0,0.0,0.0,0.0,0.0,0.0,0.0,0.0,0.0,0.0,0.0,0.0,0.0,0.0,1
52,1393,351,0,1,3,0,1,0,1,4,1,2,0,2,2,0,0,2,0,1,1,5,0,0,0,2,0,2,0,0,0,2,15,0,1,2,1,0,0,1,0,1,0,1,16,0,1,0,3,0,0,3,0,0,0,0,0,1,0,1,1,8,0,1,2,1,8,0,1,3,0,0,0,0,0,1,3,4,0,0,0,0,5,1,3,0,2,1,0,1,4,1,4,2,3,0,1,1,3,1,0,0,1,1,0,0,3,6,0,0,0,2,4,2,0,0,0,0,0,1,0,7,0,0,0,1,9,0,1,0,24,0,0,0,1,0,0,26,0,0,26,0,26,0,0,0,0,0,9,1,15,1,0,0,0,0,0,0,0,0,0,0,0,26,0,0,0,0,0,0,0,0,0,0,0,0,0,0,0,0,26,0,0,0,0,26,0,0,0,0,0,0,26,0,26,0,0,0,0,26,2,24,2,24,2,24,1,25,0,0,0,0,0,0,0,0,0,4,0,0,0,0,0,0,22,0,0,0,0,0,22,0,0,4,0,0,0,0,0,0,0,0,0,0,0,0,0,0,0,0,0,0,4,0,0,0,0,0,0,0,0,0,0,0,0,22,0,0,4,22,4,22,4,22,14,0,0,12,9,0,0,17,7,0,0,19,4,0,1,21,4,0,1,21,4,0,2,20,3,2,0,21,3,1,0,22,3,0,0,23,2,0,0,24,2,0,0,24,1,0,0,25,0,0,0,26,0,0,0,26,0,0,0,26,0,0,0,26,0,0,0,26,0,0,0,26,0,0,0,26,0,0,0,26,0,0,0,26,0,0,0,26,0,0,0,26,0,0,0,26,0,0,0,26,0,26,0,0,0,0,0,0,0,2,24,0,0,0,0,0,0,8,3,15,0,26,0,0,24,2,25,1,0.0,0.0,0.0,0.0,0.0,0.0,0.0,0.0,0.0,0.0,0.0,0.0,0.0,0.0,0.0,0.0,0.0,0.0,0.0,1
53,788,1,0,0,0,0,0,0,0,0,0,0,0,1,0,0,0,0,0,0,0,0,0,0,0,1,0,0,0,0,0,0,0,0,0,0,0,0,0,0,0,0,0,0,0,0,0,1,0,0,0,0,0,0,0,0,0,0,0,0,0,0,0,0,1,0,0,0,0,0,0,0,0,0,0,0,0,0,0,0,0,0,0,0,0,0,0,0,0,0,1,0,0,0,0,0,0,0,0,0,0,0,0,0,0,0,1,0,0,0,0,0,0,1,0,0,0,0,0,0,0,0,0,0,0,0,0,0,0,0,1,0,0,0,0,0,0,1,0,0,1,0,1,0,0,0,0,0,0,1,0,0,0,0,0,0,0,0,0,0,0,0,0,1,0,0,0,0,0,0,0,0,0,0,0,0,0,0,0,0,1,0,0,0,0,1,0,0,0,0,0,0,1,0,1,0,0,0,0,1,1,0,0,1,0,1,0,1,0,0,0,0,0,0,0,0,0,0,0,0,0,0,0,0,1,0,0,0,0,0,1,0,0,0,0,0,0,0,0,0,0,0,0,0,0,0,0,0,0,0,0,0,0,0,0,0,0,0,0,0,0,0,0,0,0,1,0,0,0,1,0,1,0,1,0,1,0,0,0,1,0,0,1,0,0,0,1,0,0,0,1,0,0,0,1,0,0,0,1,0,0,0,0,0,0,1,0,0,0,1,0,0,0,1,0,0,0,1,0,0,0,1,0,0,0,1,0,0,0,1,0,0,0,1,0,0,0,1,0,0,0,1,0,0,0,1,0,0,0,1,0,0,0,1,0,0,0,1,0,0,0,1,0,0,0,1,0,0,0,1,0,0,0,1,0,1,0,0,0,0,0,0,0,0,1,0,0,0,0,0,0,0,1,0,0,1,0,0,1,0,1,0,0.0,0.0,0.0,0.0,0.0,0.0,0.0,0.0,0.0,0.0,0.0,0.0,0.0,0.0,0.0,0.0,0.0,0.0,0.0,1
54,810,3,0,0,0,0,0,0,0,1,0,1,0,0,0,0,0,0,0,0,0,0,0,0,1,0,0,0,0,0,0,0,0,0,0,1,0,0,0,0,0,0,0,0,2,0,0,0,0,0,0,0,0,0,0,0,0,0,0,0,0,0,0,0,0,0,2,0,0,0,0,0,0,0,0,0,1,1,0,0,0,0,0,0,0,0,0,0,0,0,0,0,0,0,0,0,0,0,1,0,0,0,0,1,0,0,0,0,0,0,0,0,0,0,0,0,0,0,0,0,0,1,1,0,0,0,0,0,0,0,1,0,0,0,1,0,0,2,0,0,2,0,2,0,0,0,1,0,0,0,0,1,0,0,0,0,0,0,0,0,0,0,0,2,0,0,0,0,0,0,0,0,0,0,0,0,0,0,0,0,2,0,0,0,0,2,0,0,0,0,0,0,2,0,2,0,0,0,0,2,1,1,0,2,0,2,0,2,0,0,0,0,0,0,0,0,0,1,0,1,0,0,0,0,0,0,0,0,0,0,1,0,0,1,0,0,0,0,0,0,0,0,0,0,0,0,0,0,0,0,0,0,1,0,0,0,0,0,0,0,0,0,0,0,0,1,0,0,2,0,1,1,1,1,1,1,0,0,1,0,0,1,0,1,0,1,0,1,0,1,1,0,0,1,1,0,0,1,1,0,0,1,1,0,0,1,0,0,0,2,0,0,0,2,0,0,0,2,0,0,0,2,0,0,0,2,0,0,0,2,0,0,0,2,0,0,0,2,0,0,0,2,0,0,0,2,0,0,0,2,0,0,0,2,0,0,0,2,0,0,0,2,0,0,0,2,0,0,0,2,0,0,0,2,0,2,0,0,0,0,0,0,0,1,1,0,0,0,0,0,0,2,0,0,0,2,0,0,1,1,1,1,0.0,0.0,0.0,0.0,0.0,0.0,0.0,0.0,0.0,0.0,0.0,0.0,0.0,0.0,0.0,0.0,0.0,0.0,0.0,1
55,46,21,1,0,0,0,0,0,0,1,2,0,1,0,0,0,1,0,0,0,0,0,0,1,0,0,0,0,1,1,0,1,0,0,0,0,1,0,0,1,1,1,0,0,0,0,0,0,0,0,0,1,0,0,1,0,2,0,0,1,0,0,0,0,0,2,0,1,0,0,0,0,0,1,1,0,1,0,0,0,0,1,0,0,1,1,0,0,1,0,0,1,0,1,0,1,1,1,0,0,0,0,0,1,1,0,0,0,0,0,0,0,0,1,0,1,0,0,0,1,1,1,0,1,0,0,0,0,0,0,4,1,0,0,1,0,0,5,0,1,6,0,5,1,0,0,4,0,0,0,0,1,0,1,0,0,0,0,0,0,0,0,0,6,0,0,0,0,0,0,0,0,0,0,0,0,0,0,0,0,6,0,0,0,0,6,0,0,0,0,0,0,6,0,6,0,0,0,1,5,3,3,1,5,1,5,1,5,0,0,0,0,0,0,0,0,0,0,0,0,0,0,0,0,5,1,0,0,0,0,6,0,0,0,0,0,0,0,0,0,0,0,0,0,0,0,0,0,0,0,0,1,0,0,0,0,0,0,0,0,0,0,0,0,0,5,0,0,2,4,0,6,1,5,5,0,0,1,5,1,0,0,5,0,0,1,5,0,0,1,5,0,0,1,4,0,0,2,4,0,0,2,3,1,0,2,4,0,0,2,4,0,0,2,3,1,0,2,3,1,0,2,3,1,0,2,2,1,0,3,2,0,0,4,2,0,0,4,2,0,0,4,2,0,0,4,2,0,0,4,2,0,0,4,2,0,0,4,2,0,0,4,1,1,0,4,2,0,0,4,1,0,0,5,0,6,0,0,0,0,0,0,0,2,4,0,0,0,0,0,0,2,4,0,0,6,0,0,6,0,6,0,0.0,0.0,0.0,0.0,0.0,0.0,0.0,0.0,0.0,0.0,0.0,0.0,0.0,0.0,0.0,0.0,0.0,0.0,0.0,0
56,45,78,0,0,0,3,1,0,0,0,6,0,0,0,1,0,0,0,1,0,0,0,0,0,0,0,0,0,0,6,0,1,0,0,2,2,1,0,0,0,0,0,0,1,1,0,0,1,1,1,0,1,2,2,1,0,0,1,2,0,0,0,0,1,2,1,1,1,1,0,0,0,0,1,2,0,1,0,0,4,0,0,0,0,2,0,1,1,1,0,1,1,1,2,0,1,0,0,0,0,0,3,0,2,1,1,1,0,1,1,0,0,0,2,1,1,0,0,0,0,0,0,0,0,0,1,5,0,0,0,11,0,1,0,0,0,0,12,0,0,12,0,11,1,0,0,1,0,8,0,0,0,0,2,0,0,0,1,0,0,0,0,0,12,0,0,0,0,0,0,0,0,0,0,0,0,0,0,0,0,12,0,0,0,0,12,0,0,0,0,0,0,12,0,12,0,0,0,0,12,4,8,1,11,1,11,1,11,0,0,0,0,0,0,0,0,0,0,0,0,0,0,0,0,12,0,0,0,0,0,12,0,0,0,0,0,0,0,0,0,0,0,0,0,0,0,0,0,0,0,0,0,0,0,0,0,0,0,0,0,0,0,1,0,0,11,0,0,0,12,0,12,1,11,11,0,0,1,9,0,0,3,9,0,0,3,7,0,0,5,5,0,0,7,3,1,0,8,4,0,1,7,3,1,0,8,2,2,0,8,3,0,1,8,4,0,0,8,4,0,0,8,4,0,0,8,3,0,0,9,3,0,0,9,2,1,0,9,3,0,0,9,3,0,0,9,2,0,0,10,2,0,0,10,2,0,0,10,1,0,0,11,1,0,0,11,0,0,0,12,0,0,0,12,0,12,0,0,0,0,0,0,0,2,10,0,0,0,0,0,1,3,8,0,0,12,0,0,11,1,11,1,0.0,0.0,0.0,0.0,0.0,0.0,0.0,0.0,0.0,0.0,0.0,0.0,0.0,0.0,0.0,0.0,0.0,0.0,0.0,0
57,1284,105,0,0,0,3,2,0,0,1,0,1,0,3,0,0,0,0,0,0,2,2,0,1,0,0,0,6,0,0,1,1,0,1,2,0,1,0,0,1,0,0,1,2,3,0,0,1,2,0,0,1,1,1,0,0,1,1,0,0,0,1,0,1,0,0,7,1,0,3,0,0,1,0,0,0,2,1,1,0,1,0,2,0,0,1,4,1,0,0,1,0,4,0,0,0,0,0,0,0,0,0,2,6,0,0,1,1,0,2,0,0,0,2,0,2,0,0,0,0,0,3,0,0,0,0,4,1,1,0,9,2,1,0,1,0,2,11,1,0,14,1,11,2,1,0,2,0,9,1,0,1,0,0,0,0,0,0,0,0,0,0,0,14,0,0,0,0,0,0,0,0,0,0,0,0,0,0,0,0,14,0,0,0,0,14,0,0,0,0,0,0,14,0,14,0,0,0,2,12,1,13,0,14,0,14,0,14,0,0,0,1,0,0,2,0,1,0,0,0,1,0,0,0,9,0,0,0,0,0,14,0,0,0,0,0,0,0,0,0,0,0,0,0,0,0,0,0,0,0,0,1,0,0,0,0,0,0,0,0,0,0,0,0,0,13,0,0,5,9,0,14,3,11,13,0,0,1,10,0,0,4,10,0,0,4,9,0,0,5,7,1,0,6,6,0,0,8,5,0,0,9,5,0,0,9,5,0,0,9,4,0,0,10,4,0,0,10,4,0,0,10,3,0,0,11,2,0,0,12,2,0,0,12,2,0,0,12,0,2,0,12,2,0,0,12,2,0,0,12,2,0,0,12,2,0,0,12,2,0,0,12,2,0,0,12,2,0,0,12,1,0,0,13,0,14,0,0,0,0,0,0,0,6,8,0,0,0,0,0,0,3,10,1,0,14,0,0,13,1,8,6,0.0,0.0,0.0,0.0,0.0,0.0,0.0,0.0,0.0,0.0,0.0,0.0,0.0,0.0,0.0,0.0,0.0,0.0,0.0,1
58,876,190,0,2,0,0,1,3,5,0,0,1,0,1,0,0,0,0,0,2,2,2,1,3,0,0,0,0,11,0,1,0,0,0,0,0,0,0,2,1,1,1,3,1,4,0,0,0,2,0,1,0,0,1,4,0,0,1,0,0,2,0,0,2,1,2,1,0,3,3,0,1,2,1,1,0,4,2,1,0,2,0,1,2,0,3,0,1,0,0,1,2,0,0,0,0,2,2,2,3,1,0,2,1,0,0,3,3,3,1,3,0,0,0,1,2,2,0,0,2,0,1,0,3,0,0,0,1,4,0,3,1,3,7,1,2,0,16,0,1,19,10,9,0,3,2,4,0,0,3,0,1,1,1,0,3,0,1,0,0,0,0,0,19,0,0,0,1,0,0,0,0,0,0,0,0,0,0,0,0,18,0,0,0,0,19,0,0,0,0,0,0,19,0,19,0,0,0,0,19,13,6,0,19,0,19,0,19,0,0,0,1,0,0,2,0,0,0,0,0,0,1,0,0,15,0,0,0,0,0,19,0,0,0,0,0,0,0,0,0,0,0,0,0,0,0,0,0,1,0,0,2,0,1,0,0,0,0,0,0,0,0,0,1,0,14,0,0,4,15,1,18,10,9,18,1,0,0,18,1,0,0,17,2,0,0,14,4,0,1,13,0,0,6,10,2,0,7,8,2,0,9,8,1,0,10,7,2,0,10,8,0,0,11,7,1,0,11,6,2,0,11,6,2,0,11,8,0,0,11,5,3,0,11,4,4,0,11,7,1,0,11,5,3,0,11,6,1,0,12,4,2,0,13,4,1,0,14,4,1,0,14,4,1,0,14,5,0,0,14,3,1,0,15,0,19,0,0,0,0,0,0,0,3,15,0,1,0,0,0,0,6,13,0,0,19,0,0,15,4,18,1,0.0,0.0,0.0,0.0,0.0,0.0,0.0,0.0,0.0,0.0,0.0,0.0,0.0,0.0,0.0,0.0,0.0,0.0,0.0,1
59,12,78,0,1,0,0,0,0,1,1,0,0,0,0,0,3,2,1,0,1,2,0,0,2,0,0,0,0,0,0,2,8,0,0,0,0,0,0,0,0,1,0,0,0,6,0,2,1,0,0,0,0,0,0,0,1,1,0,0,2,1,1,0,1,0,0,2,1,0,1,0,1,0,2,0,2,5,2,1,0,2,0,0,0,0,0,0,0,0,0,0,0,1,0,0,0,1,3,0,1,0,0,2,2,0,0,0,2,0,1,0,0,3,0,0,0,0,0,0,2,2,1,0,0,0,1,0,2,2,1,6,0,2,0,1,0,1,10,0,1,12,0,11,1,1,1,0,1,3,1,0,0,2,1,1,0,0,1,0,0,0,0,0,12,0,0,0,0,0,0,0,0,0,0,0,0,0,0,0,0,12,0,0,0,0,12,0,0,0,0,0,0,12,0,12,0,0,0,0,12,3,9,0,12,0,12,0,12,1,0,0,0,0,0,0,0,0,3,0,0,0,0,0,1,7,0,0,0,0,0,9,0,0,3,0,0,0,0,0,0,0,0,0,0,0,0,0,0,1,0,0,0,3,0,0,0,0,0,0,0,0,0,0,0,0,8,0,0,5,7,3,9,4,8,12,0,0,0,12,0,0,0,11,0,0,1,10,0,0,2,10,0,0,2,9,0,0,3,9,0,0,3,9,0,0,3,8,0,0,4,8,0,0,4,8,0,0,4,8,0,0,4,7,0,0,5,6,0,0,6,5,1,0,6,4,0,0,8,4,0,0,8,4,0,0,8,4,0,0,8,3,1,0,8,4,0,0,8,4,0,0,8,4,0,0,8,4,0,0,8,2,0,0,10,0,12,0,0,0,0,0,0,0,2,10,0,0,0,0,0,0,7,5,0,0,12,0,0,7,5,10,2,0.0,0.0,0.0,0.0,0.0,0.0,0.0,0.0,0.0,0.0,0.0,0.0,0.0,0.0,0.0,0.0,0.0,0.0,0.0,0
60,48,45,0,0,0,0,1,0,0,1,1,0,0,1,0,2,1,2,0,0,0,0,0,0,1,0,0,0,0,1,1,3,0,0,0,0,1,0,1,1,0,1,0,1,1,0,1,0,1,0,0,0,0,0,1,2,0,1,0,0,0,0,0,1,0,0,3,1,0,1,1,0,0,0,2,1,1,0,1,1,0,0,0,1,1,0,1,0,1,1,0,0,1,1,0,1,0,1,0,0,1,0,0,3,0,1,0,0,0,0,0,1,0,0,2,1,0,0,0,1,0,1,2,0,0,1,0,0,0,1,4,2,0,0,2,0,0,6,1,2,9,1,5,3,0,0,0,1,6,0,0,0,0,1,0,0,0,1,0,0,0,0,0,9,0,0,0,0,0,0,0,0,0,0,0,0,0,2,0,0,7,0,0,0,0,9,0,0,0,0,0,0,9,0,9,0,0,0,2,7,4,5,0,9,0,9,0,9,0,0,0,0,0,0,0,0,0,0,0,0,0,0,0,0,6,0,2,1,0,0,9,0,0,0,0,0,0,0,0,0,0,0,0,0,0,0,0,0,0,0,0,0,0,0,0,0,0,0,0,0,0,0,0,0,0,9,0,0,3,6,0,9,4,5,8,1,0,0,9,0,0,0,8,1,0,0,9,0,0,0,7,0,0,2,6,0,0,3,6,0,0,3,6,0,0,3,6,0,0,3,6,0,0,3,5,1,0,3,5,0,0,4,4,0,0,5,3,0,0,6,3,0,0,6,3,0,0,6,2,1,0,6,2,1,0,6,2,1,0,6,2,1,0,6,2,1,0,6,2,1,0,6,2,1,0,6,2,1,0,6,1,1,0,7,0,9,0,0,0,0,0,0,0,4,5,0,0,0,0,1,0,1,7,0,0,9,0,0,8,1,6,3,0.0,0.0,0.0,0.0,0.0,0.0,0.0,0.0,0.0,0.0,0.0,0.0,0.0,0.0,0.0,0.0,0.0,0.0,0.0,0
61,25,190,0,0,0,0,3,1,4,2,0,0,4,0,1,1,0,0,0,0,1,2,0,2,1,5,1,1,0,0,2,1,1,1,1,1,1,0,1,0,0,0,0,1,1,0,3,1,2,1,0,3,0,6,1,0,0,0,5,2,1,0,0,1,2,1,2,0,0,0,1,3,0,0,1,3,1,1,5,0,2,2,0,0,0,2,0,2,0,0,1,0,0,0,0,0,3,2,0,3,1,0,2,3,0,2,1,2,0,0,0,1,3,1,0,1,1,0,0,1,1,5,1,1,0,0,0,3,0,1,15,0,1,0,2,0,0,17,1,1,19,0,17,2,0,2,0,2,12,2,0,0,0,0,0,0,0,1,1,0,0,0,0,18,0,0,0,0,0,0,0,0,0,0,0,0,0,0,0,0,19,0,0,0,0,19,0,0,0,0,0,0,19,0,19,0,0,0,7,12,5,14,0,19,0,19,1,18,0,0,0,0,0,0,0,1,0,4,0,0,0,0,0,0,13,0,1,0,0,0,16,0,0,3,0,0,0,0,0,0,0,0,0,0,0,0,0,0,0,0,0,2,3,0,0,0,0,0,0,0,0,0,0,0,0,14,0,0,7,12,4,15,6,13,12,7,0,0,13,6,0,0,9,7,0,3,10,5,0,4,8,6,0,5,9,5,0,5,9,3,0,7,8,3,0,8,7,4,0,8,10,1,0,8,8,1,0,10,7,0,0,12,5,1,0,13,4,1,0,14,5,0,0,14,4,1,0,14,4,1,0,14,5,0,0,14,3,2,0,14,4,1,0,14,4,1,0,14,4,1,0,14,5,0,0,14,4,1,0,14,4,1,0,14,0,19,0,0,0,0,0,0,0,4,15,0,0,0,0,4,0,4,11,0,0,19,0,0,18,1,17,2,0.0,0.0,0.0,0.0,0.0,0.0,0.0,0.0,0.0,0.0,0.0,0.0,0.0,0.0,0.0,0.0,0.0,0.0,0.0,0
62,1259,3,0,0,0,0,0,0,0,0,0,0,2,0,0,0,0,0,0,0,0,0,0,0,0,0,0,0,0,0,1,0,0,0,0,0,1,0,0,0,0,0,0,0,0,0,0,0,0,0,0,1,1,0,0,0,0,0,0,0,0,0,0,0,0,0,0,0,1,0,0,0,0,0,1,0,0,0,1,0,0,0,0,0,0,0,0,0,1,0,0,0,0,0,0,1,0,0,0,0,0,0,1,0,0,0,0,0,0,0,0,0,1,0,0,0,0,0,0,1,0,0,0,0,0,0,0,0,0,0,2,0,0,0,0,0,0,2,0,0,2,0,2,0,0,0,0,0,2,0,0,0,0,0,0,0,0,0,0,0,0,0,0,2,0,0,0,0,0,0,0,0,0,0,0,0,0,0,0,0,2,0,0,0,0,2,0,0,0,0,0,0,2,0,2,0,0,0,0,2,2,0,2,0,1,1,2,0,0,0,0,0,0,0,0,0,0,1,0,0,0,0,0,0,1,0,0,0,0,0,1,0,0,1,0,0,0,0,0,0,0,0,0,0,0,0,0,0,0,0,0,0,1,0,0,0,0,0,0,0,0,0,0,0,0,1,0,0,1,1,1,1,1,1,1,0,0,1,0,0,0,2,0,0,0,2,0,0,0,2,1,0,0,1,0,0,0,2,0,0,0,2,0,0,1,1,0,1,0,1,1,0,0,1,1,0,0,1,1,0,0,1,1,0,0,1,1,0,0,1,1,0,0,1,1,0,0,1,1,0,1,0,1,1,0,0,2,0,0,0,2,0,0,0,2,0,0,0,2,0,0,0,2,0,0,0,1,0,0,1,1,0,0,1,0,2,0,0,0,0,0,0,0,0,1,1,0,0,0,0,0,2,0,0,0,2,0,0,2,0,2,0,0.0,0.0,0.0,0.0,0.0,0.0,0.0,0.0,0.0,0.0,0.0,0.0,0.0,0.0,0.0,0.0,0.0,0.0,0.0,1
63,30,15,0,0,1,0,1,0,0,2,0,0,0,0,0,1,0,0,0,0,0,0,0,0,0,0,0,0,0,0,0,5,0,0,0,0,0,0,0,0,0,0,0,0,2,0,0,0,0,1,0,0,0,1,0,0,0,1,1,0,0,0,0,0,0,0,2,0,0,0,1,0,0,0,1,0,3,0,0,0,0,0,0,1,0,0,0,0,0,0,0,1,0,0,0,0,0,0,0,1,1,0,0,3,0,0,0,0,0,0,0,1,0,0,0,1,1,0,0,0,0,0,1,0,1,0,0,0,1,1,0,3,0,0,0,0,1,1,1,2,5,0,5,0,0,0,0,4,0,0,0,1,0,0,0,0,0,0,0,0,0,0,0,5,0,0,0,0,0,0,0,0,0,0,0,0,0,0,0,0,5,0,0,0,0,5,0,0,0,0,0,0,5,0,5,0,0,0,0,5,0,5,0,5,0,5,0,5,1,0,0,0,0,0,0,0,0,0,2,0,0,0,0,0,1,0,1,0,0,0,5,0,0,0,0,0,0,0,0,0,0,0,0,0,0,0,0,0,0,0,0,0,0,0,0,0,0,0,0,0,0,0,0,0,0,5,0,0,4,1,0,5,0,5,5,0,0,0,5,0,0,0,5,0,0,0,5,0,0,0,5,0,0,0,4,0,0,1,4,0,0,1,3,0,0,2,3,0,0,2,3,0,0,2,3,0,0,2,3,0,0,2,2,0,0,3,2,0,0,3,2,0,0,3,2,0,0,3,2,0,0,3,2,0,0,3,1,0,0,4,1,0,0,4,1,0,0,4,1,0,0,4,1,0,0,4,1,0,0,4,0,0,0,5,0,5,0,0,0,0,0,0,0,4,1,0,0,0,0,0,0,2,3,0,0,5,0,0,3,2,3,2,0.0,0.0,0.0,0.0,0.0,0.0,0.0,0.0,0.0,0.0,0.0,0.0,0.0,0.0,0.0,0.0,0.0,0.0,0.0,0
64,6,171,3,0,0,1,1,0,1,1,2,0,1,0,0,3,0,3,0,0,2,0,0,2,0,0,4,0,0,1,2,2,2,0,1,0,4,0,0,0,1,0,2,0,0,0,0,3,2,1,0,1,1,0,2,2,1,2,0,0,1,0,0,1,5,1,1,2,1,0,2,0,2,1,1,0,0,1,3,2,2,1,2,1,3,0,2,1,0,0,0,0,1,3,1,1,0,4,1,1,1,2,2,1,0,0,0,0,0,2,0,1,0,0,1,1,1,0,2,1,2,0,1,0,1,3,1,1,0,2,14,1,0,0,1,0,1,16,0,1,18,0,18,0,1,0,0,0,16,0,0,0,1,0,0,0,0,0,0,0,0,0,0,18,0,0,0,0,0,0,0,0,0,0,0,0,0,0,0,0,18,0,0,0,0,18,0,0,0,0,0,0,18,0,18,0,0,0,1,17,3,15,0,18,0,18,0,18,0,0,1,1,0,0,0,0,0,0,0,0,0,0,0,0,16,0,0,0,0,0,18,0,0,0,0,0,0,0,0,0,0,0,0,0,0,0,0,0,0,0,0,0,0,0,0,0,0,0,0,0,0,0,0,0,0,18,0,0,2,16,0,18,0,18,18,0,0,0,16,1,0,1,17,0,0,1,16,0,0,2,16,0,0,2,15,0,0,3,14,0,0,4,13,0,0,5,12,0,0,6,11,1,0,6,11,1,0,6,8,2,0,8,9,0,0,9,9,0,0,9,8,0,0,10,7,1,0,10,7,0,0,11,6,1,0,11,7,0,0,11,7,0,0,11,6,0,0,12,6,0,0,12,4,2,0,12,6,0,0,12,6,0,0,12,0,18,0,0,0,0,0,0,0,2,16,0,0,0,0,2,0,2,14,0,0,18,0,0,18,0,17,1,0.0,0.0,0.0,0.0,0.0,0.0,0.0,0.0,0.0,0.0,0.0,0.0,0.0,0.0,0.0,0.0,0.0,0.0,0.0,0
65,23,15,0,0,0,0,2,0,1,0,0,0,0,0,0,0,0,0,0,0,1,1,0,1,1,1,0,0,0,0,1,0,1,0,0,0,0,0,0,0,0,1,0,0,1,0,0,0,2,0,1,0,0,0,0,0,0,0,0,0,0,0,0,1,0,0,1,0,0,1,0,1,0,0,1,0,2,0,0,0,2,0,0,0,0,0,0,0,0,1,0,0,0,0,0,0,0,0,0,2,1,0,0,2,0,0,0,0,1,0,0,0,0,0,2,0,0,0,0,1,0,0,0,1,0,0,0,0,0,0,4,0,0,1,0,1,1,3,0,0,5,0,4,1,0,1,2,0,0,0,0,0,0,2,0,0,0,0,0,0,0,0,0,5,0,0,0,0,0,0,0,0,0,0,0,0,0,2,0,0,3,0,0,0,0,5,0,0,0,0,0,0,5,0,5,0,0,0,1,4,3,2,2,3,1,4,0,5,0,0,0,1,0,1,0,0,0,0,0,0,0,0,0,0,3,0,0,0,0,0,5,0,0,0,0,0,0,0,0,0,0,0,0,0,0,0,0,0,0,0,0,0,0,0,0,0,0,0,0,0,0,0,0,0,0,5,0,0,2,3,1,4,1,4,3,1,0,1,3,1,1,0,3,2,0,0,5,0,0,0,2,0,0,3,2,0,0,3,2,0,0,3,1,1,0,3,2,0,0,3,2,0,0,3,1,1,0,3,1,1,0,3,1,1,0,3,1,1,0,3,0,2,0,3,1,1,0,3,2,0,0,3,2,0,0,3,2,0,0,3,1,1,0,3,1,1,0,3,1,0,1,3,1,1,0,3,1,1,0,3,0,1,1,3,0,5,0,0,0,0,0,0,0,1,3,0,1,0,0,1,1,0,3,0,0,5,0,0,4,1,4,1,0.0,0.0,0.0,0.0,0.0,0.0,0.0,0.0,0.0,0.0,0.0,0.0,0.0,0.0,0.0,0.0,0.0,0.0,0.0,0
66,43,3,0,0,0,1,0,0,0,0,0,0,0,0,0,0,0,0,0,0,1,0,0,0,0,0,0,0,0,0,0,2,0,0,0,0,0,0,0,0,0,0,0,0,1,0,0,0,0,0,0,0,0,0,1,0,0,0,0,0,0,0,0,0,0,1,1,0,0,0,0,0,0,0,0,0,1,0,0,0,0,0,0,0,0,0,0,1,0,0,0,0,0,0,0,0,0,0,0,0,0,0,0,2,0,0,0,0,0,0,0,0,0,0,0,1,0,0,0,0,0,0,0,0,1,0,0,0,0,0,0,0,2,0,0,0,1,0,1,0,2,0,1,1,0,0,0,1,0,1,0,0,0,0,0,0,0,0,0,0,0,0,0,2,0,0,0,0,0,0,0,0,0,0,0,0,0,0,0,0,2,0,0,0,0,2,0,0,0,0,0,0,2,0,2,0,0,0,0,2,1,1,0,2,0,2,0,2,0,0,0,0,0,0,0,0,1,0,0,0,0,0,0,0,0,1,0,0,0,0,2,0,0,0,0,0,0,0,0,0,0,0,0,0,0,0,0,0,0,0,0,0,0,0,0,0,0,0,0,0,0,0,0,0,0,2,0,0,2,0,0,2,1,1,2,0,0,0,2,0,0,0,2,0,0,0,2,0,0,0,2,0,0,0,2,0,0,0,2,0,0,0,2,0,0,0,2,0,0,0,2,0,0,0,2,0,0,0,2,0,0,0,2,0,0,0,2,0,0,0,2,0,0,0,2,0,0,0,2,0,0,0,2,0,0,0,2,0,0,0,2,0,0,0,2,0,0,0,2,0,0,0,2,0,0,0,2,0,0,0,0,0,0,2,0,2,0,0,0,0,0,0,0,2,0,0,0,0,0,0,0,1,1,0,0,2,0,0,1,1,1,1,0.0,0.0,0.0,0.0,0.0,0.0,0.0,0.0,0.0,0.0,0.0,0.0,0.0,0.0,0.0,0.0,0.0,0.0,0.0,0
67,26,66,0,2,1,0,0,0,0,3,0,1,0,1,2,0,0,0,0,0,0,1,0,1,0,0,0,2,0,0,0,5,0,0,0,3,0,0,0,0,0,0,0,1,4,0,0,1,2,1,0,0,0,1,0,1,0,0,0,0,1,0,0,2,2,0,3,1,0,2,0,0,0,0,0,0,5,4,0,0,0,0,1,0,0,0,0,1,0,0,0,0,0,0,0,0,0,0,3,0,0,0,0,4,0,0,1,3,0,1,0,0,0,0,3,0,0,0,2,0,1,1,0,0,0,0,2,1,0,1,6,0,2,0,2,0,1,8,2,0,11,0,11,0,2,0,0,0,2,1,0,0,0,5,0,1,0,0,0,0,0,0,0,11,0,0,0,0,0,0,0,0,0,0,0,0,0,0,0,0,11,0,0,0,0,11,0,0,0,0,0,0,11,0,11,0,0,0,1,10,0,11,0,11,0,11,0,11,0,1,0,1,0,0,0,0,0,0,0,1,0,0,0,0,8,0,0,0,0,0,11,0,0,0,0,0,0,0,0,0,0,0,0,0,0,0,0,0,0,0,0,0,0,0,0,0,0,0,0,0,0,0,0,0,0,11,0,0,3,8,0,11,0,11,10,0,0,1,9,1,0,1,9,0,0,2,7,0,0,4,6,0,0,5,4,0,0,7,2,0,0,9,2,0,0,9,0,0,0,11,0,0,0,11,0,0,0,11,0,0,0,11,0,0,0,11,0,0,0,11,0,0,0,11,0,0,0,11,0,0,0,11,0,0,0,11,0,0,0,11,0,0,0,11,0,0,0,11,0,0,0,11,0,0,0,11,0,0,0,11,0,0,0,11,0,11,0,0,0,0,0,0,0,3,8,0,0,0,0,2,0,3,6,0,0,11,0,0,7,4,8,3,0.0,0.0,0.0,0.0,0.0,0.0,0.0,0.0,0.0,0.0,0.0,0.0,0.0,0.0,0.0,0.0,0.0,0.0,0.0,0
68,36,15,0,0,0,1,1,0,0,0,0,0,0,0,1,0,0,0,0,0,1,1,0,0,0,0,0,0,0,0,0,2,0,1,0,2,0,0,0,0,0,0,1,1,1,0,0,1,0,0,0,0,1,0,0,0,0,0,1,0,0,0,0,1,1,0,1,0,1,0,0,0,0,0,0,0,1,1,1,0,0,0,0,1,0,0,0,0,0,0,0,1,0,0,0,0,0,0,0,1,1,0,1,1,0,0,1,0,0,2,0,1,0,0,0,0,0,0,0,0,1,0,0,0,0,1,0,0,0,1,3,0,0,0,1,0,0,4,1,0,5,0,4,1,0,1,0,1,1,0,0,1,0,1,0,0,0,0,0,0,0,0,0,5,0,0,0,0,0,0,0,0,0,0,0,0,0,0,0,0,5,0,0,0,0,5,0,0,0,0,0,0,5,0,5,0,0,0,0,5,1,4,0,5,0,5,0,5,0,0,0,0,0,1,0,0,0,0,0,0,0,0,0,0,3,0,1,0,0,0,5,0,0,0,0,0,0,0,0,0,0,0,0,0,0,0,0,0,0,0,0,0,0,0,0,0,0,0,0,0,0,0,0,0,0,5,0,0,2,3,0,5,1,4,4,0,0,1,4,0,0,1,3,1,0,1,2,0,0,3,2,0,0,3,2,0,0,3,2,0,0,3,2,0,0,3,2,0,0,3,1,0,0,4,0,0,0,5,0,0,0,5,0,0,0,5,0,0,0,5,0,0,0,5,0,0,0,5,0,0,0,5,0,0,0,5,0,0,0,5,0,0,0,5,0,0,0,5,0,0,0,5,0,0,0,5,0,0,0,5,0,0,0,5,0,5,0,0,0,0,0,0,0,3,2,0,0,0,0,1,0,1,3,0,0,5,0,0,4,1,4,1,0.0,0.0,0.0,0.0,0.0,0.0,0.0,0.0,0.0,0.0,0.0,0.0,0.0,0.0,0.0,0.0,0.0,0.0,0.0,0
69,118,3,0,0,0,0,1,0,1,0,0,0,0,0,0,0,0,0,0,0,0,0,0,0,0,0,0,0,1,0,0,0,0,0,0,0,0,0,1,0,0,0,0,0,1,0,0,0,0,0,0,1,0,0,0,0,0,0,0,0,0,0,0,0,1,0,1,0,0,0,0,0,0,0,0,0,1,0,0,0,0,0,0,0,0,0,0,0,0,0,1,0,0,0,0,0,0,0,0,0,0,0,1,1,0,0,0,0,0,0,0,0,0,0,0,0,1,0,0,0,0,1,0,0,0,0,0,0,0,0,1,0,0,0,1,0,0,2,0,0,2,0,2,0,0,0,0,1,0,0,0,0,1,0,0,0,0,0,0,0,0,0,0,2,0,0,0,0,0,0,0,0,0,0,0,0,0,0,0,0,2,0,0,0,0,2,0,0,0,0,0,0,2,0,2,0,0,0,1,1,0,2,1,1,1,1,1,1,0,0,0,0,0,0,0,0,0,0,0,0,0,0,0,0,2,0,0,0,0,0,2,0,0,0,0,0,0,0,0,0,0,0,0,0,0,0,0,0,0,0,0,0,0,0,0,0,0,0,0,0,0,0,0,0,0,2,0,0,0,2,0,2,0,2,1,0,0,1,1,0,0,1,1,0,0,1,1,0,0,1,1,0,0,1,1,0,0,1,1,0,0,1,1,0,0,1,1,0,0,1,1,0,0,1,1,0,0,1,1,0,0,1,1,0,0,1,1,0,0,1,1,0,0,1,1,0,0,1,1,0,0,1,1,0,0,1,1,0,0,1,1,0,0,1,1,0,0,1,1,0,0,1,1,0,0,1,1,0,0,1,1,0,0,1,0,2,0,0,0,0,0,0,0,1,1,0,0,0,0,0,0,2,0,0,0,2,0,0,1,1,1,1,0.0,0.0,0.0,0.0,0.0,0.0,0.0,0.0,0.0,0.0,0.0,0.0,0.0,0.0,0.0,0.0,0.0,0.0,0.0,1
70,19,136,1,0,2,0,2,1,1,1,1,1,0,0,0,2,1,1,0,0,2,0,0,0,0,0,3,0,0,0,2,7,1,0,0,0,2,0,0,1,0,4,0,0,3,0,1,0,0,0,0,2,0,0,3,0,0,3,0,1,1,0,0,1,0,3,1,0,1,0,1,0,1,0,6,1,3,0,0,0,1,1,0,3,0,1,1,0,1,1,2,1,2,0,0,1,1,0,1,0,2,0,2,1,1,1,2,2,0,0,3,0,0,0,0,1,1,1,2,1,0,0,0,7,0,0,0,0,1,0,9,1,0,5,0,0,0,15,0,1,16,0,15,1,1,0,1,2,8,1,0,2,0,0,0,0,0,1,0,0,0,0,0,16,0,0,0,0,0,0,0,0,0,0,0,0,0,0,0,0,16,0,0,0,0,16,0,0,0,0,0,0,16,0,16,0,0,0,1,15,1,15,0,16,0,16,0,16,0,0,0,0,0,0,0,0,1,0,0,0,0,0,0,0,15,0,0,0,0,0,16,0,0,0,0,0,0,0,0,0,0,0,0,0,0,0,0,0,0,0,0,0,0,0,0,0,0,0,0,0,0,0,0,0,0,16,0,0,3,13,0,16,1,15,15,1,0,0,16,0,0,0,14,1,0,1,14,1,0,1,14,1,0,1,14,1,0,1,15,0,0,1,14,0,0,2,12,0,0,4,11,0,0,5,11,0,0,5,10,0,0,6,9,0,0,7,9,0,0,7,8,0,0,8,8,0,0,8,7,0,0,9,7,0,0,9,7,0,0,9,7,0,0,9,6,0,0,10,6,0,0,10,6,0,0,10,6,0,0,10,4,0,0,12,0,16,0,0,0,0,0,0,0,3,13,0,0,0,0,0,0,6,10,0,0,16,0,0,13,3,15,1,0.0,0.0,0.0,0.0,0.0,0.0,0.0,0.0,0.0,0.0,0.0,0.0,0.0,0.0,0.0,0.0,0.0,0.0,0.0,0
71,15,45,0,1,1,0,0,1,1,1,0,0,0,0,0,0,0,0,0,1,1,2,0,0,0,1,0,0,0,0,0,7,0,1,0,0,0,0,0,0,0,1,2,0,4,0,0,0,0,1,0,0,1,0,0,0,0,0,1,0,0,0,0,0,0,0,2,2,3,0,0,0,1,0,0,0,4,0,1,0,1,0,0,2,0,0,0,1,0,0,0,0,0,0,0,0,0,0,2,1,2,0,1,2,1,0,0,0,0,1,0,1,1,0,1,0,0,2,0,0,0,0,0,0,2,1,0,0,1,1,2,1,3,0,1,0,2,5,1,1,9,1,8,0,2,1,1,1,2,0,0,0,1,0,0,1,0,0,0,0,0,0,0,9,0,0,0,0,0,0,0,0,0,0,0,0,0,0,0,0,9,0,0,0,0,9,0,0,0,0,0,0,9,0,9,0,0,0,0,9,1,8,0,9,0,9,0,9,0,1,0,0,0,0,2,0,0,1,0,1,0,0,0,0,4,0,0,0,0,0,8,0,0,1,0,0,0,0,0,0,0,0,0,0,0,0,0,0,0,0,0,0,1,0,0,0,0,0,0,0,0,0,0,0,0,8,0,0,5,4,1,8,2,7,9,0,0,0,9,0,0,0,9,0,0,0,8,0,0,1,7,0,0,2,7,0,0,2,6,1,0,2,6,0,0,3,6,0,0,3,6,0,0,3,6,0,0,3,4,0,0,5,2,0,0,7,2,0,0,7,2,0,0,7,2,0,0,7,2,0,0,7,2,0,0,7,2,0,0,7,2,0,0,7,2,0,0,7,1,0,0,8,1,0,0,8,1,0,0,8,0,0,0,9,0,9,0,0,0,0,0,0,0,4,5,0,0,0,0,1,0,5,3,0,0,9,0,0,5,4,7,2,0.0,0.0,0.0,0.0,0.0,0.0,0.0,0.0,0.0,0.0,0.0,0.0,0.0,0.0,0.0,0.0,0.0,0.0,0.0,0
72,427,66,0,1,1,2,0,1,1,0,0,2,0,0,0,0,0,2,0,0,1,0,3,0,0,2,2,0,0,0,0,3,0,0,1,0,0,0,0,0,1,1,0,1,2,0,0,0,1,0,0,0,0,2,0,0,1,2,2,0,0,0,0,1,0,0,2,1,0,1,0,0,2,1,1,0,3,0,0,0,0,1,2,2,0,0,1,0,0,0,2,0,1,0,2,0,0,0,0,0,1,0,0,2,0,2,3,0,1,0,0,1,2,0,0,0,0,0,1,1,1,1,0,1,0,1,1,0,1,0,8,0,0,2,0,1,1,8,0,1,11,0,11,0,1,0,0,2,6,0,0,0,0,1,1,0,0,0,0,0,0,0,0,11,0,0,0,0,0,0,0,0,0,0,0,0,0,0,0,0,11,0,0,0,0,11,0,0,0,0,0,0,11,0,11,0,0,0,0,11,1,10,2,9,2,9,1,10,0,1,0,1,0,0,1,0,0,1,0,0,0,0,0,0,7,0,0,0,0,0,10,0,0,1,0,0,0,0,0,0,0,0,0,0,0,0,0,0,0,0,0,0,1,0,0,0,0,0,0,0,0,0,0,0,0,10,0,0,4,7,1,10,1,10,9,0,0,2,9,0,0,2,8,0,0,3,8,0,0,3,7,0,0,4,7,0,0,4,6,0,0,5,6,0,0,5,6,0,0,5,6,0,0,5,6,0,0,5,4,0,0,7,6,0,0,5,6,0,0,5,5,0,0,6,5,0,0,6,4,0,1,6,4,1,0,6,5,0,0,6,2,0,0,9,2,0,2,7,2,1,0,8,2,0,2,7,3,1,0,7,2,1,0,8,0,11,0,0,0,0,0,0,0,4,6,1,0,0,0,0,0,6,5,0,0,11,0,0,9,2,9,2,0.0,0.0,0.0,0.0,0.0,0.0,0.0,0.0,0.0,0.0,0.0,0.0,0.0,0.0,0.0,0.0,0.0,0.0,0.0,1
73,946,231,1,0,1,0,4,1,1,1,3,1,2,0,0,0,0,1,0,1,3,1,0,1,0,0,0,1,0,0,2,16,0,0,0,0,1,0,0,0,0,2,2,0,7,0,0,2,2,2,0,0,1,2,0,1,0,0,1,0,1,0,0,4,3,0,1,2,2,2,2,0,1,1,1,0,7,0,0,1,1,2,0,1,2,0,2,0,1,1,0,3,2,3,0,1,0,3,1,4,1,1,0,1,2,1,0,1,0,1,0,0,1,6,2,2,1,0,0,0,1,2,0,0,1,1,1,2,0,2,5,1,2,0,11,0,1,20,0,0,21,0,19,2,0,0,0,2,7,0,0,3,3,5,1,0,0,0,0,0,0,0,0,21,0,0,0,0,0,0,0,0,0,0,0,0,0,0,0,0,21,0,0,0,0,21,0,0,0,0,0,0,21,0,21,0,0,0,0,21,2,19,0,21,0,21,0,21,0,0,0,0,0,0,0,0,0,1,0,0,0,0,0,0,19,0,1,0,0,0,20,0,0,1,0,0,0,0,0,0,0,0,0,0,0,0,0,0,1,0,0,0,1,0,0,0,0,0,0,0,0,0,0,0,0,19,0,0,2,19,1,20,3,18,19,0,0,2,19,0,0,2,16,0,0,5,14,0,0,7,13,0,0,8,11,0,0,10,8,0,0,13,6,1,0,14,6,0,0,15,4,1,0,16,4,0,0,17,4,0,0,17,2,0,0,19,1,0,0,20,1,0,0,20,1,0,0,20,1,0,0,20,1,0,0,20,1,0,0,20,1,0,0,20,1,0,0,20,1,0,0,20,1,0,0,20,0,0,0,21,0,0,0,21,0,21,0,0,0,0,0,0,0,2,19,0,0,0,0,1,0,8,12,0,0,21,0,0,14,7,20,1,0.0,0.0,0.0,0.0,0.0,0.0,0.0,0.0,0.0,0.0,0.0,0.0,0.0,0.0,0.0,0.0,0.0,0.0,0.0,1
74,845,91,0,0,1,0,3,1,0,1,1,0,1,0,0,1,0,2,1,0,1,0,0,0,1,3,0,1,2,1,1,0,0,1,0,0,1,0,0,2,0,0,2,0,3,0,0,2,1,3,0,0,1,0,0,0,1,0,0,0,1,0,0,0,3,0,2,2,1,0,2,0,1,1,0,0,3,1,1,0,1,0,0,1,3,0,1,0,1,0,0,1,1,2,0,1,0,1,0,1,1,1,1,2,0,1,0,1,0,0,0,1,0,5,0,0,1,0,1,0,1,1,1,0,1,0,0,1,0,0,11,0,1,0,1,0,2,11,0,0,13,0,12,1,1,1,9,0,1,1,0,0,0,0,0,0,0,0,0,0,0,0,0,13,0,0,0,0,0,0,0,0,0,0,0,0,0,1,0,0,12,0,0,0,0,13,0,0,0,0,0,0,13,0,13,0,0,0,5,8,4,9,3,10,1,12,0,13,0,0,0,1,0,0,0,0,0,1,0,1,0,0,0,0,10,0,0,0,0,0,12,0,0,1,0,0,0,0,0,0,0,0,0,0,0,0,0,0,0,0,0,0,1,0,0,0,0,0,0,0,0,0,0,0,0,12,0,0,3,10,1,12,2,11,8,5,0,0,9,4,0,0,10,3,0,0,7,5,1,0,9,4,0,0,7,3,0,3,5,2,2,4,5,4,0,4,5,3,0,5,5,2,1,5,4,4,0,5,6,1,0,6,3,3,0,7,2,2,0,9,2,2,0,9,2,2,0,9,3,1,0,9,4,0,0,9,4,0,0,9,2,1,0,10,3,0,0,10,3,0,0,10,3,0,0,10,3,0,0,10,1,1,0,11,0,13,0,0,0,0,0,0,0,3,10,0,0,0,0,2,0,3,8,0,0,13,0,0,10,3,11,2,0.0,0.0,0.0,0.0,0.0,0.0,0.0,0.0,0.0,0.0,0.0,0.0,0.0,0.0,0.0,0.0,0.0,0.0,0.0,1
75,908,55,1,0,1,0,1,0,4,0,0,0,0,0,0,0,0,0,1,0,1,1,0,0,0,0,0,0,5,0,2,1,1,0,0,0,1,0,0,0,1,2,2,0,3,0,0,0,0,0,0,0,0,0,0,0,2,0,0,2,0,1,0,0,1,0,2,0,1,1,0,0,0,2,0,0,3,1,0,0,3,0,0,1,0,0,1,1,0,0,0,0,0,0,0,1,0,1,0,1,1,0,3,3,0,0,0,0,2,0,3,0,0,0,0,1,2,0,0,0,0,0,0,2,0,0,0,0,1,0,4,0,0,5,0,3,0,7,0,0,10,2,7,1,1,1,3,1,0,0,0,2,0,1,0,0,0,1,0,0,0,0,0,10,0,0,0,0,0,0,0,0,0,0,0,0,0,0,0,0,10,0,0,0,0,10,0,0,0,0,0,0,10,0,10,0,0,0,0,10,4,6,0,10,0,10,0,10,0,0,1,1,0,0,0,0,0,0,0,0,0,0,0,1,7,0,0,0,0,0,10,0,0,0,0,0,0,0,0,0,0,0,0,0,0,0,0,0,0,0,0,1,0,0,0,0,0,0,0,0,0,0,0,0,0,9,0,0,3,7,0,10,3,7,10,0,0,0,10,0,0,0,9,0,0,1,8,0,0,2,7,1,0,2,7,0,0,3,7,0,0,3,6,0,0,4,6,0,0,4,6,0,0,4,6,0,0,4,6,0,0,4,6,0,0,4,6,0,0,4,6,0,0,4,6,0,0,4,5,0,0,5,3,0,0,7,3,0,0,7,3,0,0,7,3,0,0,7,3,0,0,7,3,0,0,7,3,0,0,7,1,0,0,9,0,10,0,0,0,0,0,0,0,4,6,0,0,0,0,1,0,5,4,0,0,10,0,0,7,3,8,2,0.0,0.0,0.0,0.0,0.0,0.0,0.0,0.0,0.0,0.0,0.0,0.0,0.0,0.0,0.0,0.0,0.0,0.0,0.0,1
76,616,1,0,0,0,0,0,0,0,0,0,0,0,0,0,0,0,0,0,0,0,1,0,0,0,0,0,0,0,0,0,0,0,0,0,0,0,0,1,0,0,0,0,0,0,0,0,0,0,0,0,1,0,0,0,0,0,0,0,0,0,0,0,0,0,0,1,0,0,0,0,0,0,0,0,0,0,0,0,0,0,0,0,0,0,0,0,0,0,1,0,0,0,0,0,0,0,0,0,0,0,0,0,1,0,0,0,0,0,0,0,0,0,0,0,0,0,0,0,0,1,0,0,0,0,0,0,0,0,0,1,0,0,0,0,0,0,0,1,0,1,0,1,0,1,0,0,0,0,0,0,0,0,0,0,0,0,0,0,0,0,0,0,1,0,0,0,0,0,0,0,0,0,0,0,0,0,0,0,0,1,0,0,0,0,1,0,0,0,0,0,0,1,0,1,0,0,0,0,1,0,1,0,1,0,1,0,1,0,0,0,0,0,0,1,0,0,0,0,0,0,0,0,0,0,0,0,0,0,0,1,0,0,0,0,0,0,0,0,0,0,0,0,0,0,0,0,0,0,0,0,0,0,0,0,0,0,0,0,0,0,0,0,0,0,1,0,0,1,0,0,1,0,1,1,0,0,0,1,0,0,0,1,0,0,0,0,0,0,1,0,0,0,1,0,0,0,1,0,0,0,1,0,0,0,1,0,0,0,1,0,0,0,1,0,0,0,1,0,0,0,1,0,0,0,1,0,0,0,1,0,0,0,1,0,0,0,1,0,0,0,1,0,0,0,1,0,0,0,1,0,0,0,1,0,0,0,1,0,0,0,1,0,0,0,1,0,0,0,1,0,0,0,1,0,1,0,0,0,0,0,0,0,1,0,0,0,0,0,0,0,1,0,0,0,1,0,0,1,0,0,1,0.0,0.0,0.0,0.0,0.0,0.0,0.0,0.0,0.0,0.0,0.0,0.0,0.0,0.0,0.0,0.0,0.0,0.0,0.0,1
77,51,3,0,0,1,0,0,0,0,0,0,0,0,0,1,0,0,0,0,0,0,0,0,1,0,0,0,0,0,0,0,1,0,0,0,0,0,0,0,0,0,0,0,0,2,0,0,0,0,0,0,0,0,0,0,0,0,0,0,0,0,0,0,0,0,0,2,0,0,0,0,0,0,0,0,0,2,0,0,0,0,0,0,0,0,0,0,0,0,0,0,0,0,0,0,0,0,0,0,0,0,0,0,2,0,0,0,0,0,0,0,0,1,0,0,0,0,0,0,0,0,0,0,0,1,0,0,0,0,0,1,0,1,0,0,0,1,1,0,0,2,0,2,0,1,0,0,0,1,0,0,0,0,0,0,0,0,0,0,0,0,0,0,2,0,0,0,0,0,0,0,0,0,0,0,0,0,0,0,0,2,0,0,0,0,2,0,0,0,0,0,0,2,0,2,0,0,0,0,2,0,2,0,2,0,2,0,2,0,0,0,1,0,0,0,0,0,0,0,0,0,0,0,0,1,0,0,0,0,0,2,0,0,0,0,0,0,0,0,0,0,0,0,0,0,0,0,0,0,0,0,0,0,0,0,0,0,0,0,0,0,0,0,0,0,2,0,0,1,1,0,2,0,2,1,0,0,1,1,0,0,1,0,0,0,2,0,0,0,2,0,0,0,2,0,0,0,2,0,0,0,2,0,0,0,2,0,0,0,2,0,0,0,2,0,0,0,2,0,0,0,2,0,0,0,2,0,0,0,2,0,0,0,2,0,0,0,2,0,0,0,2,0,0,0,2,0,0,0,2,0,0,0,2,0,0,0,2,0,0,0,2,0,0,0,2,0,0,0,2,0,0,0,2,0,2,0,0,0,0,0,0,0,2,0,0,0,0,0,0,0,2,0,0,0,2,0,0,0,2,0,2,0.0,0.0,0.0,0.0,0.0,0.0,0.0,0.0,0.0,0.0,0.0,0.0,0.0,0.0,0.0,0.0,0.0,0.0,0.0,0
78,28,10,0,0,0,1,0,0,0,0,0,2,0,1,0,0,0,0,0,0,0,0,0,0,0,0,0,0,0,0,0,3,0,0,0,1,0,0,0,0,0,0,1,0,0,0,0,0,0,0,0,1,0,0,0,0,0,2,0,0,2,1,0,0,0,0,0,0,0,1,0,0,0,0,0,0,0,0,0,0,0,0,1,2,0,0,0,0,0,1,0,0,1,0,1,0,0,0,1,0,0,0,0,0,0,0,1,0,0,0,0,0,0,0,0,0,0,0,0,0,0,0,1,3,0,0,0,0,1,0,1,0,0,2,0,0,0,4,0,0,4,0,4,0,0,0,0,2,1,0,0,0,0,0,0,1,0,0,0,0,0,0,0,4,0,0,0,0,0,0,0,0,0,0,0,0,0,0,0,0,4,0,0,0,0,4,0,0,0,0,0,0,4,0,4,0,0,0,0,4,0,4,0,4,0,4,0,4,0,0,0,0,0,0,0,0,0,0,0,0,0,0,0,0,4,0,0,0,0,0,4,0,0,0,0,0,0,0,0,0,0,0,0,0,0,0,0,0,0,0,0,0,0,0,0,0,0,0,0,0,0,0,0,0,0,4,0,0,0,4,0,4,0,4,4,0,0,0,4,0,0,0,3,0,0,1,3,0,0,1,3,0,0,1,2,0,0,2,2,0,0,2,2,0,0,2,1,0,0,3,0,0,0,4,0,0,0,4,0,0,0,4,0,0,0,4,0,0,0,4,0,0,0,4,0,0,0,4,0,0,0,4,0,0,0,4,0,0,0,4,0,0,0,4,0,0,0,4,0,0,0,4,0,0,0,4,0,0,0,4,0,0,0,4,0,4,0,0,0,0,0,0,0,0,4,0,0,0,0,0,0,0,4,0,0,4,0,0,4,0,4,0,0.0,0.0,0.0,0.0,0.0,0.0,0.0,0.0,0.0,0.0,0.0,0.0,0.0,0.0,0.0,0.0,0.0,0.0,0.0,0
79,32,105,0,2,1,1,2,0,0,0,1,1,0,1,1,1,0,0,2,0,0,1,2,2,2,1,0,1,0,2,0,0,1,0,2,0,0,0,1,0,0,3,0,0,0,0,0,1,0,2,0,0,2,0,1,2,2,1,1,0,0,0,0,0,1,0,3,3,0,0,0,0,0,2,4,0,1,2,1,1,0,0,2,1,1,0,0,1,1,1,1,1,0,1,2,0,0,0,1,0,1,1,1,3,1,1,1,1,0,1,2,2,0,0,0,0,0,0,4,1,0,0,0,1,2,0,0,1,0,1,11,0,1,1,0,2,1,11,0,0,14,0,12,2,2,0,4,3,3,1,0,0,0,0,1,0,0,0,0,0,0,0,0,14,0,0,0,0,0,0,0,0,0,0,0,0,0,0,0,0,14,0,0,0,0,14,0,0,0,0,0,0,14,0,14,0,0,0,5,9,0,14,2,12,1,13,0,14,0,0,0,1,1,0,0,0,0,0,1,0,0,0,0,1,10,0,0,0,0,0,14,0,0,0,0,0,0,0,0,0,0,0,0,0,0,0,0,0,0,0,0,2,0,0,0,0,0,0,0,0,0,0,0,0,0,12,0,0,4,10,0,14,2,12,12,1,1,0,12,1,0,1,10,2,0,2,10,1,1,2,11,0,1,2,12,0,0,2,12,0,0,2,11,1,0,2,12,0,0,2,12,0,0,2,9,1,0,4,8,0,0,6,6,0,0,8,5,0,0,9,5,0,0,9,4,0,0,10,4,0,0,10,3,0,0,11,3,0,0,11,3,0,0,11,3,0,0,11,2,0,0,12,2,0,0,12,2,0,0,12,2,0,0,12,0,14,0,0,0,0,0,0,0,5,9,0,0,0,0,3,2,1,6,2,0,14,0,0,14,0,11,3,0.0,0.0,0.0,0.0,0.0,0.0,0.0,0.0,0.0,0.0,0.0,0.0,0.0,0.0,0.0,0.0,0.0,0.0,0.0,0
80,1,105,0,0,1,0,0,0,0,1,2,0,2,0,1,1,3,2,0,0,1,0,0,0,0,2,1,1,2,3,1,1,0,0,0,0,3,0,0,0,1,3,1,0,1,0,0,3,1,0,0,0,1,1,0,2,0,0,1,1,1,0,0,0,3,0,2,2,0,1,0,0,1,1,1,0,1,0,0,0,0,1,1,0,5,0,0,0,3,2,1,0,0,5,0,1,0,1,0,0,1,0,0,2,0,2,1,1,1,2,0,1,0,0,4,0,0,0,1,1,0,0,1,1,1,0,0,1,1,1,10,0,1,1,0,0,2,11,1,0,14,2,11,1,2,0,0,0,10,1,0,1,0,0,0,0,0,0,0,0,0,0,0,14,0,0,0,0,0,0,0,0,0,0,0,0,0,0,0,0,14,0,0,0,0,14,0,0,0,0,0,0,14,0,14,0,0,0,2,12,4,10,2,12,2,12,3,11,1,0,1,1,0,0,1,0,0,0,0,0,0,0,0,0,10,0,0,0,1,0,12,0,0,0,0,0,0,0,1,0,0,0,0,0,0,0,0,0,0,0,0,0,0,0,0,0,1,0,1,0,0,0,0,0,0,12,0,0,4,10,2,12,3,11,12,1,0,1,9,2,0,3,10,1,0,3,11,0,0,3,11,0,0,3,8,0,0,6,6,1,0,7,6,0,1,7,7,0,0,7,7,0,1,6,8,0,0,6,7,0,0,7,6,0,0,8,5,0,0,9,4,0,0,10,3,1,0,10,4,0,0,10,4,0,0,10,4,0,0,10,4,0,0,10,4,0,0,10,4,0,0,10,2,1,0,11,3,0,0,11,3,0,0,11,0,14,0,0,0,0,0,0,0,4,10,0,0,0,0,3,0,3,8,0,0,14,0,0,13,1,12,2,0.0,0.0,0.0,0.0,0.0,0.0,0.0,0.0,0.0,0.0,0.0,0.0,0.0,0.0,0.0,0.0,0.0,0.0,0.0,0
81,22,1,0,0,0,0,0,0,0,1,0,0,0,0,0,0,0,0,0,0,0,0,0,0,0,0,0,0,0,0,0,1,0,0,0,0,0,0,0,0,0,0,1,0,0,0,0,0,0,0,0,0,0,0,0,0,0,0,0,0,0,0,0,0,0,0,0,1,0,0,0,0,0,0,0,0,0,0,0,0,0,0,0,1,0,0,0,0,0,0,0,0,0,0,0,0,0,0,0,0,0,0,0,1,0,0,0,0,0,0,0,0,0,0,0,0,0,0,0,0,0,0,0,0,0,1,0,0,0,1,0,0,0,0,0,0,0,0,1,0,1,0,1,0,0,0,0,1,0,0,0,0,0,0,0,0,0,0,0,0,0,0,0,1,0,0,0,0,0,0,0,0,0,0,0,0,0,0,0,0,1,0,0,0,0,1,0,0,0,0,0,0,1,0,1,0,0,0,0,1,0,1,0,1,0,1,0,1,0,0,0,0,0,0,0,0,0,0,0,0,1,0,0,0,0,0,0,0,0,0,1,0,0,0,0,0,0,0,0,0,0,0,0,0,0,0,0,0,0,0,0,0,0,0,0,0,0,0,0,0,0,0,0,0,0,1,0,0,1,0,0,1,0,1,1,0,0,0,1,0,0,0,1,0,0,0,1,0,0,0,1,0,0,0,0,0,0,1,0,0,0,1,0,0,0,1,0,0,0,1,0,0,0,1,0,0,0,1,0,0,0,1,0,0,0,1,0,0,0,1,0,0,0,1,0,0,0,1,0,0,0,1,0,0,0,1,0,0,0,1,0,0,0,1,0,0,0,1,0,0,0,1,0,0,0,1,0,0,0,1,0,0,0,1,0,1,0,0,0,0,0,0,0,1,0,0,0,0,0,0,0,0,1,0,0,1,0,0,1,0,1,0,0.0,0.0,0.0,0.0,0.0,0.0,0.0,0.0,0.0,0.0,0.0,0.0,0.0,0.0,0.0,0.0,0.0,0.0,0.0,0
82,933,45,2,0,0,0,2,0,1,0,0,0,1,0,0,2,1,0,0,0,0,0,0,0,0,0,1,1,0,0,2,2,0,0,1,0,2,0,0,0,0,1,1,0,0,0,0,0,0,3,0,1,0,1,1,0,0,1,2,0,0,0,0,0,1,1,0,0,1,0,1,1,0,0,2,0,0,1,1,0,3,1,0,1,0,0,0,0,2,0,0,0,0,0,0,1,0,2,1,2,1,0,1,0,0,1,0,0,0,0,0,1,0,0,0,1,0,0,0,0,3,0,0,3,0,0,0,1,0,2,7,0,0,0,0,0,0,9,0,0,9,0,8,1,1,1,0,1,6,0,0,0,0,0,0,0,0,0,0,0,0,0,0,9,0,0,0,0,0,0,0,0,0,0,0,0,0,1,0,0,8,0,0,0,0,9,0,0,0,0,0,0,9,0,9,0,0,0,1,8,4,5,1,8,0,9,0,9,0,0,0,0,0,0,0,0,0,0,0,0,0,0,0,0,9,0,0,0,0,0,9,0,0,0,0,0,0,0,0,0,0,0,0,0,0,0,0,0,0,0,0,1,0,0,0,0,0,0,0,0,0,0,0,0,0,8,0,0,0,9,0,9,1,8,8,1,0,0,9,0,0,0,7,1,1,0,7,2,0,0,7,2,0,0,9,0,0,0,7,1,0,1,6,2,0,1,7,1,0,1,8,0,0,1,6,1,0,2,5,0,0,4,3,2,0,4,3,2,0,4,4,1,0,4,4,1,0,4,5,0,0,4,5,0,0,4,5,0,0,4,5,0,0,4,3,0,0,6,2,0,0,7,2,0,0,7,2,0,0,7,2,0,0,7,0,8,0,0,0,0,1,0,0,1,8,0,0,0,1,0,2,1,5,0,0,9,0,0,9,0,9,0,0.0,0.0,0.0,0.0,0.0,0.0,0.0,0.0,0.0,0.0,0.0,0.0,0.0,0.0,0.0,0.0,0.0,0.0,0.0,1
83,33,28,0,0,0,0,1,2,1,1,0,0,0,0,0,0,0,0,0,1,1,0,0,0,1,0,0,0,1,0,2,1,0,1,1,0,0,0,0,0,0,0,0,0,1,0,2,1,1,0,0,1,0,0,0,1,0,0,0,2,0,0,0,0,2,0,2,1,0,0,0,0,0,0,0,2,1,0,1,0,1,0,0,0,0,0,0,1,0,0,0,1,0,0,0,0,2,0,0,1,0,0,1,2,1,0,0,0,0,0,0,0,1,0,0,0,0,0,0,0,0,1,0,0,0,3,0,2,0,1,5,0,1,0,0,0,2,4,1,0,7,0,6,1,0,2,0,0,5,0,0,0,0,0,0,0,0,0,0,0,0,0,0,7,0,0,0,0,0,0,0,0,0,0,0,0,0,0,0,0,7,0,0,0,0,7,0,0,0,0,0,0,7,0,7,0,0,0,1,6,1,6,0,7,0,7,0,7,0,0,0,1,0,0,2,0,0,1,0,0,0,0,0,0,3,0,0,0,0,0,6,0,0,1,0,0,0,0,0,0,0,0,0,0,0,0,0,0,0,0,0,0,1,0,0,0,0,0,0,0,0,0,0,0,0,6,0,0,4,3,1,6,2,5,6,1,0,0,5,1,0,1,6,0,0,1,6,0,0,1,5,1,0,1,6,0,0,1,4,0,0,3,4,0,0,3,1,2,0,4,3,0,0,4,3,0,0,4,3,0,0,4,3,0,0,4,3,0,0,4,3,0,0,4,2,0,0,5,2,0,0,5,1,1,0,5,1,1,0,5,2,0,0,5,1,1,0,5,2,0,0,5,2,0,0,5,2,0,0,5,1,0,0,6,0,7,0,0,0,0,0,0,0,3,4,0,0,0,0,0,0,4,3,0,0,7,0,0,6,1,5,2,0.0,0.0,0.0,0.0,0.0,0.0,0.0,0.0,0.0,0.0,0.0,0.0,0.0,0.0,0.0,0.0,0.0,0.0,0.0,0
84,31,21,0,0,1,0,0,0,1,0,2,1,0,0,0,0,0,0,0,0,1,0,0,0,0,1,0,1,0,1,0,3,0,0,0,0,0,0,0,0,1,0,0,0,2,0,0,2,0,1,0,0,0,0,0,0,0,0,1,0,0,0,0,0,2,0,2,0,0,0,0,0,0,0,1,0,2,0,0,0,0,0,0,1,2,0,0,0,0,0,1,0,0,2,0,0,0,0,1,0,0,0,0,2,0,0,1,0,0,0,0,1,0,0,2,1,1,0,0,0,1,0,0,0,0,0,0,0,0,0,3,2,1,0,0,0,1,5,0,0,6,0,6,0,0,0,0,0,3,1,0,0,0,2,0,0,0,0,0,0,0,0,0,6,0,0,0,0,0,0,0,0,0,0,0,0,0,0,0,0,6,0,0,0,0,6,0,0,0,0,0,0,6,0,6,0,0,0,0,6,0,6,0,6,0,6,0,6,0,0,1,0,0,0,0,0,0,0,0,0,0,0,0,0,5,0,0,0,0,0,6,0,0,0,0,0,0,0,0,0,0,0,0,0,0,0,0,0,0,0,0,0,0,0,0,0,0,0,0,0,0,0,0,0,0,6,0,0,1,5,0,6,0,6,6,0,0,0,6,0,0,0,6,0,0,0,6,0,0,0,6,0,0,0,6,0,0,0,4,0,0,2,4,0,0,2,4,0,0,2,3,0,0,3,3,0,0,3,3,0,0,3,2,0,0,4,2,0,0,4,2,0,0,4,2,0,0,4,2,0,0,4,2,0,0,4,2,0,0,4,2,0,0,4,2,0,0,4,2,0,0,4,2,0,0,4,2,0,0,4,1,0,0,5,0,6,0,0,0,0,0,0,0,2,4,0,0,0,0,0,0,3,3,0,0,6,0,0,4,2,4,2,0.0,0.0,0.0,0.0,0.0,0.0,0.0,0.0,0.0,0.0,0.0,0.0,0.0,0.0,0.0,0.0,0.0,0.0,0.0,0
85,2,6,1,0,0,0,0,0,0,0,0,0,0,0,1,1,0,0,0,0,0,0,0,0,0,0,0,0,0,0,0,2,0,0,0,0,1,0,0,0,0,0,0,0,2,0,0,0,0,0,0,0,0,1,0,0,0,0,0,0,1,0,0,0,0,0,2,0,0,0,0,0,0,0,0,0,2,0,0,0,0,0,0,0,0,0,0,0,1,0,0,0,0,0,0,0,0,1,0,0,0,0,0,2,0,0,0,0,0,2,0,1,0,0,0,0,0,0,0,0,0,0,0,0,0,0,0,0,0,2,1,0,0,0,0,0,1,1,1,0,3,1,2,0,0,0,0,1,1,1,0,0,0,0,0,0,0,0,0,0,0,0,0,3,0,0,0,0,0,1,0,0,0,0,0,0,0,0,0,0,2,0,0,0,0,3,0,0,0,0,0,0,3,0,3,0,0,0,0,3,1,2,1,2,1,2,0,3,0,0,0,1,0,0,1,0,0,0,0,0,0,0,0,0,1,0,0,0,0,0,3,0,0,0,0,0,0,0,0,0,0,0,0,0,0,0,0,0,0,0,0,0,0,0,0,0,0,0,0,1,0,0,0,0,0,2,0,0,2,1,0,3,1,2,2,0,0,1,2,0,0,1,2,0,0,1,2,0,0,1,2,0,0,1,2,0,0,1,2,0,0,1,2,0,0,1,2,0,0,1,2,0,0,1,1,0,0,2,0,1,0,2,0,1,0,2,0,1,0,2,0,1,0,2,0,0,0,3,0,0,1,2,0,1,0,2,0,0,1,2,0,1,0,2,0,1,0,2,0,1,0,2,0,1,0,2,0,1,0,2,0,0,0,3,0,3,0,0,0,0,0,0,0,2,1,0,0,0,0,0,0,2,1,0,0,3,0,0,1,2,1,2,0.0,0.0,0.0,0.0,0.0,0.0,0.0,0.0,0.0,0.0,0.0,0.0,0.0,0.0,0.0,0.0,0.0,0.0,0.0,0
86,540,36,0,0,0,0,1,0,1,0,2,0,3,0,0,0,0,1,0,0,0,0,0,1,0,0,0,0,0,3,0,2,0,1,1,0,0,0,0,0,0,0,0,0,1,0,0,0,1,0,0,1,0,3,1,0,1,0,2,1,1,0,0,0,0,0,1,1,0,0,0,2,0,0,0,0,1,0,0,0,0,2,0,0,3,0,0,2,0,0,0,0,0,3,0,1,0,0,1,0,0,0,0,2,0,0,0,1,1,1,0,2,0,0,0,0,0,0,1,0,0,0,1,0,1,0,0,1,0,0,6,1,1,0,0,0,0,8,0,0,8,3,5,0,0,0,0,1,5,1,0,1,0,0,0,0,0,0,0,0,0,0,0,8,0,0,0,0,0,0,0,0,0,0,0,0,0,0,0,0,8,0,0,0,0,8,0,0,0,0,0,0,8,0,8,0,0,0,2,6,4,4,1,7,0,8,0,8,0,0,0,0,0,0,0,0,0,0,0,0,0,0,0,0,8,0,0,0,0,0,8,0,0,0,0,0,0,0,0,0,0,0,0,0,0,0,0,0,1,0,0,1,0,0,0,0,0,0,0,0,0,0,0,0,0,6,0,0,0,8,0,8,3,5,6,1,0,1,5,2,0,1,5,2,0,1,7,0,0,1,6,1,0,1,7,0,0,1,6,1,0,1,6,1,0,1,5,1,0,2,6,0,0,2,3,1,0,4,3,1,0,4,3,0,0,5,1,0,1,6,1,1,0,6,1,1,0,6,2,0,0,6,2,0,0,6,2,0,0,6,2,0,0,6,2,0,0,6,2,0,0,6,2,0,0,6,2,0,0,6,1,1,0,6,0,8,0,0,0,0,0,0,0,1,7,0,0,0,0,0,1,1,6,0,0,8,0,0,7,1,7,1,0.0,0.0,0.0,0.0,0.0,0.0,0.0,0.0,0.0,0.0,0.0,0.0,0.0,0.0,0.0,0.0,0.0,0.0,0.0,1
87,537,21,1,0,0,0,1,1,0,0,0,0,0,0,0,1,0,0,0,0,1,1,1,0,0,0,0,1,1,0,0,0,1,0,0,0,1,0,0,1,3,0,0,0,0,0,0,0,0,0,1,0,1,0,1,0,0,0,0,1,0,0,0,0,0,1,0,0,0,0,0,2,1,1,0,0,0,0,0,0,0,0,0,3,0,1,0,1,1,0,0,0,0,0,1,0,1,1,0,0,1,0,0,1,0,0,0,1,0,0,0,0,0,0,0,0,1,0,0,0,0,0,2,1,0,1,0,1,0,1,5,0,0,0,0,0,1,5,0,0,6,0,6,0,0,0,1,1,0,1,0,1,1,0,0,0,0,1,0,0,0,1,0,5,0,0,0,0,0,0,0,0,0,0,0,0,0,0,0,0,5,1,0,0,0,5,0,1,0,0,0,0,6,0,6,0,0,0,2,4,1,5,3,3,1,5,0,6,1,0,0,0,0,0,0,0,0,1,0,0,0,0,0,0,4,0,0,0,0,0,5,0,0,1,0,0,0,0,0,0,0,0,0,0,0,0,0,0,0,0,0,0,1,0,0,0,0,0,0,0,0,0,0,0,0,5,0,0,2,4,1,5,1,5,5,1,0,0,5,1,0,0,4,2,0,0,3,3,0,0,2,3,0,1,3,1,1,1,3,1,1,1,2,1,1,2,2,2,1,1,2,0,3,1,2,1,2,1,3,1,1,1,2,1,1,2,1,3,0,2,2,2,0,2,2,2,0,2,2,2,0,2,2,2,0,2,2,1,1,2,2,1,1,2,2,1,1,2,2,1,1,2,3,0,1,2,3,1,0,2,3,1,0,2,0,6,0,0,0,0,0,0,0,2,4,0,0,0,0,0,0,3,3,0,0,6,0,0,6,0,6,0,0.0,0.0,0.0,0.0,0.0,0.0,0.0,0.0,0.0,0.0,0.0,0.0,0.0,0.0,0.0,0.0,0.0,0.0,0.0,1
88,0,55,0,1,1,1,1,2,0,1,0,0,0,0,0,0,0,0,0,0,3,0,1,1,0,0,0,0,0,0,0,7,0,0,1,0,0,0,0,0,0,1,3,0,1,0,0,0,0,1,0,2,0,0,1,1,0,0,0,0,2,2,0,0,0,0,2,0,1,0,1,1,1,0,0,0,1,0,0,0,0,0,0,1,0,0,1,4,0,1,0,2,0,0,0,0,0,0,0,1,2,0,1,2,2,0,2,0,1,0,1,0,1,0,0,0,0,0,1,2,1,0,0,2,1,0,0,0,1,0,3,2,1,3,0,1,1,7,0,1,10,0,10,0,0,0,0,1,3,0,0,0,1,0,0,4,0,1,0,0,0,0,0,10,0,0,0,0,0,0,0,0,0,0,0,0,0,0,0,0,10,0,0,0,0,10,0,0,0,0,0,0,10,0,10,0,0,0,1,9,0,10,0,10,0,10,0,10,0,1,0,0,0,0,0,0,0,1,0,0,0,0,0,2,6,0,0,0,0,0,9,0,0,1,0,0,0,0,0,0,0,0,0,0,0,0,0,0,0,0,0,0,1,0,0,0,0,0,0,0,0,0,0,0,0,9,0,0,4,6,1,9,1,9,9,1,0,0,10,0,0,0,8,0,0,2,8,0,0,2,8,0,0,2,8,0,0,2,7,0,0,3,6,0,0,4,5,0,0,5,5,0,0,5,5,0,0,5,5,0,0,5,4,0,0,6,4,0,0,6,3,0,0,7,3,0,0,7,3,0,0,7,3,0,0,7,3,0,0,7,2,0,0,8,2,0,0,8,2,0,0,8,2,0,0,8,2,0,0,8,0,0,0,10,0,10,0,0,0,0,0,0,0,4,6,0,0,0,0,1,0,2,7,0,0,10,0,0,9,1,8,2,0.0,0.0,0.0,0.0,0.0,0.0,0.0,0.0,0.0,0.0,0.0,0.0,0.0,0.0,0.0,0.0,0.0,0.0,0.0,0
89,42,153,5,1,0,0,0,1,1,0,0,1,2,2,0,0,1,1,0,0,1,1,0,1,0,0,1,0,0,0,1,11,0,0,0,1,2,0,0,0,1,3,2,0,1,0,2,0,1,1,0,1,0,1,2,0,2,0,0,1,0,0,0,3,0,2,1,2,1,1,1,0,1,2,2,2,3,2,1,0,2,3,0,1,0,2,0,0,0,0,0,1,0,0,1,0,2,3,2,1,1,0,1,1,0,3,2,0,2,0,0,2,2,0,0,2,0,1,1,0,0,0,1,1,2,2,0,1,4,3,7,1,0,1,1,2,0,14,0,1,17,6,7,4,0,0,0,4,8,1,0,0,0,0,0,2,0,2,0,0,0,0,0,17,0,0,0,1,0,0,0,0,0,0,0,0,0,3,0,0,12,1,0,0,0,17,0,0,0,0,0,0,17,0,17,0,0,0,3,14,10,7,3,14,3,14,3,14,0,0,1,1,0,0,0,0,0,2,0,1,0,0,0,0,12,0,0,0,0,0,15,0,0,2,0,0,0,0,0,0,0,0,0,0,0,0,0,0,0,0,0,3,2,1,0,0,0,0,0,0,0,0,0,0,0,11,0,0,5,12,2,15,12,5,13,2,0,2,8,6,0,3,11,3,0,3,8,3,0,6,7,3,1,6,8,2,0,7,8,1,0,8,4,4,1,8,3,6,0,8,4,4,0,9,4,4,0,9,7,1,0,9,4,4,0,9,3,3,0,11,2,3,0,12,2,3,1,11,2,3,1,11,2,4,0,11,4,1,1,11,2,2,0,13,1,2,0,14,1,2,0,14,1,2,0,14,2,1,0,14,0,1,0,16,0,17,0,0,0,0,0,0,0,3,14,0,0,0,0,1,1,4,11,0,0,17,0,0,16,1,16,1,0.0,0.0,0.0,0.0,0.0,0.0,0.0,0.0,0.0,0.0,0.0,0.0,0.0,0.0,0.0,0.0,0.0,0.0,0.0,0
90,418,28,0,0,0,0,0,0,0,0,4,0,0,0,0,0,0,2,0,1,0,0,0,0,0,0,1,0,0,2,1,1,0,0,0,0,2,0,0,0,1,0,1,0,1,0,0,0,0,1,0,0,0,0,0,0,0,3,0,1,0,0,0,0,0,0,0,0,1,0,2,0,1,0,2,0,1,1,1,0,0,3,0,0,1,0,0,0,0,0,0,0,0,2,0,2,0,1,0,0,0,0,0,0,0,1,1,0,0,0,0,0,2,0,0,0,1,0,0,0,2,0,0,0,0,2,0,0,0,0,6,1,0,0,0,0,0,7,0,0,7,4,1,2,0,0,0,0,6,0,0,0,0,1,0,0,0,0,0,0,0,0,0,7,0,0,0,0,0,0,0,0,0,0,0,0,0,0,0,0,6,1,0,0,0,7,0,0,0,0,0,0,7,0,7,0,0,0,3,4,6,1,5,2,2,5,2,5,0,0,0,0,0,0,0,0,0,2,0,0,0,0,0,0,5,0,0,0,0,0,5,0,0,2,0,0,0,0,0,0,0,0,0,0,0,0,0,0,0,0,0,2,2,0,0,0,0,0,0,1,0,0,0,1,0,1,0,0,2,5,2,5,7,0,6,0,1,0,4,2,0,1,4,1,0,2,4,1,0,2,4,1,1,1,3,2,1,1,4,0,1,2,3,1,0,3,2,1,1,3,3,0,2,2,2,3,0,2,1,3,0,3,1,3,0,3,3,1,0,3,2,1,2,2,2,3,0,2,3,2,0,2,3,2,0,2,4,1,0,2,2,2,0,3,3,1,0,3,3,1,0,3,3,1,0,3,2,1,1,3,2,1,1,3,0,7,0,0,0,0,0,0,0,0,7,0,0,0,0,0,0,3,4,0,0,7,0,0,6,1,7,0,0.0,0.0,0.0,0.0,0.0,0.0,0.0,0.0,0.0,0.0,0.0,0.0,0.0,0.0,0.0,0.0,0.0,0.0,0.0,1
91,784,6,0,0,0,0,0,0,0,0,0,0,0,0,1,0,0,0,0,0,2,0,0,0,0,0,0,0,0,0,0,1,0,0,1,0,1,0,0,0,0,0,0,1,1,0,0,0,0,0,0,0,0,0,0,1,0,0,0,0,0,0,0,1,0,0,1,1,0,0,0,0,0,0,0,0,1,0,1,0,1,0,0,0,0,0,0,0,0,0,0,0,0,0,0,0,0,0,0,1,0,0,1,1,0,0,0,0,0,0,0,0,0,1,0,0,0,0,0,0,0,0,0,0,0,0,1,1,0,0,2,0,0,0,1,0,0,2,1,0,3,0,3,0,0,0,0,0,2,1,0,0,0,0,0,0,0,0,0,0,0,0,0,3,0,0,0,0,0,0,0,0,0,0,0,0,0,0,0,0,3,0,0,0,0,3,0,0,0,0,0,0,3,0,3,0,0,0,0,3,1,2,1,2,0,3,0,3,0,0,0,0,0,0,0,0,0,0,0,1,0,0,0,0,2,0,0,0,0,0,3,0,0,0,0,0,0,0,0,0,0,0,0,0,0,0,0,0,0,0,0,0,0,0,0,0,0,0,0,0,0,0,0,0,0,3,0,0,1,2,0,3,0,3,2,0,1,0,2,1,0,0,2,0,0,1,2,0,0,1,1,0,0,2,1,0,0,2,1,0,0,2,1,0,0,2,1,0,0,2,1,0,0,2,1,0,0,2,1,0,0,2,1,0,0,2,0,0,0,3,0,0,0,3,0,0,0,3,0,0,0,3,0,0,0,3,0,0,0,3,0,0,0,3,0,0,0,3,0,0,0,3,0,0,0,3,0,0,0,3,0,0,0,3,0,3,0,0,0,0,0,0,0,1,2,0,0,0,0,0,0,0,3,0,0,3,0,0,2,1,2,1,0.0,0.0,0.0,0.0,0.0,0.0,0.0,0.0,0.0,0.0,0.0,0.0,0.0,0.0,0.0,0.0,0.0,0.0,0.0,1
92,120,6,0,0,0,0,0,0,0,2,0,0,0,0,1,0,0,0,0,0,0,0,0,0,0,0,0,0,0,0,0,3,0,0,0,0,0,0,0,0,0,0,0,0,0,0,0,0,0,0,0,0,1,0,0,2,0,0,0,0,0,0,0,0,0,0,0,1,0,1,0,0,0,1,0,0,1,0,0,0,0,0,0,1,0,0,0,1,0,0,0,0,0,0,1,0,0,0,0,0,1,0,0,1,0,0,0,0,0,0,0,1,0,0,0,1,0,0,0,0,1,0,0,0,0,0,0,0,1,2,0,0,0,0,0,0,0,2,0,1,3,0,3,0,2,0,0,0,0,0,0,0,0,1,0,0,0,0,0,0,0,0,0,3,0,0,0,0,0,0,0,0,0,0,0,0,0,0,0,0,3,0,0,0,0,3,0,0,0,0,0,0,3,0,3,0,0,0,0,3,0,3,0,3,0,3,0,3,0,0,0,0,0,0,1,0,0,0,0,0,0,0,0,0,1,0,0,1,0,0,3,0,0,0,0,0,0,0,0,0,0,0,0,0,0,0,0,0,0,0,0,0,0,0,0,0,0,0,0,0,0,0,0,0,0,3,0,0,2,1,0,3,0,3,2,0,0,1,2,0,0,1,2,0,0,1,2,0,0,1,2,0,0,1,2,0,0,1,1,0,0,2,0,0,0,3,0,0,0,3,0,0,0,3,0,0,0,3,0,0,0,3,0,0,0,3,0,0,0,3,0,0,0,3,0,0,0,3,0,0,0,3,0,0,0,3,0,0,0,3,0,0,0,3,0,0,0,3,0,0,0,3,0,0,0,3,0,0,0,3,0,0,0,3,0,3,0,0,0,0,0,0,0,2,1,0,0,0,0,0,0,0,3,0,0,3,0,0,3,0,3,0,0.0,0.0,0.0,0.0,0.0,0.0,0.0,0.0,0.0,0.0,0.0,0.0,0.0,0.0,0.0,0.0,0.0,0.0,0.0,1
93,807,300,0,0,0,0,0,1,0,3,0,0,0,0,12,0,0,0,0,0,0,8,7,4,2,0,0,6,1,0,0,0,3,0,0,0,0,0,1,0,0,0,0,1,23,0,0,0,0,0,0,0,0,0,0,0,0,0,0,0,0,14,0,1,0,0,9,0,0,0,0,0,0,0,0,0,1,5,0,0,1,0,17,0,0,0,0,0,0,0,0,0,0,0,8,0,0,0,2,1,0,0,0,1,0,0,0,12,0,0,0,0,8,4,2,0,0,0,0,0,0,3,0,0,0,0,7,0,0,0,23,0,1,0,0,0,0,23,1,0,24,1,23,0,0,0,2,0,1,0,21,0,0,0,0,0,0,0,0,0,0,0,0,24,0,0,0,0,0,0,0,0,0,0,0,0,0,0,0,0,24,0,0,0,0,24,0,0,0,0,0,0,24,0,24,0,0,0,0,24,1,23,0,24,0,24,0,24,0,0,0,0,0,0,1,0,0,0,0,0,0,0,0,0,23,0,0,0,0,0,24,0,0,0,0,0,0,0,0,0,0,0,0,0,0,0,0,0,0,0,0,0,0,0,0,0,0,0,0,0,0,0,0,1,0,23,0,0,1,23,0,24,1,23,14,0,0,10,1,1,0,22,1,0,0,23,1,0,0,23,0,0,0,24,0,0,0,24,0,0,0,24,0,0,0,24,0,0,0,24,0,0,0,24,0,0,0,24,0,0,0,24,0,0,0,24,0,0,0,24,0,0,0,24,0,0,0,24,0,0,0,24,0,0,0,24,0,0,0,24,0,0,0,24,0,0,0,24,0,0,0,24,0,0,0,24,0,0,0,24,0,0,0,24,0,24,0,0,0,0,0,0,0,1,23,0,0,0,0,0,0,0,8,16,0,24,0,0,24,0,23,1,0.0,0.0,0.0,0.0,0.0,0.0,0.0,0.0,0.0,0.0,0.0,0.0,0.0,0.0,0.0,0.0,0.0,0.0,0.0,1
94,41,15,1,0,1,0,0,1,0,0,0,0,0,0,0,0,0,1,0,0,1,0,0,0,0,0,0,0,0,0,0,4,0,0,0,0,1,0,0,0,0,1,1,1,1,0,0,0,0,0,1,0,0,0,0,0,0,0,0,0,1,0,0,1,0,0,0,0,1,0,0,1,0,0,1,0,1,0,2,0,1,0,0,0,0,0,0,0,0,0,1,0,0,0,0,1,0,1,1,1,0,0,0,0,0,0,1,0,1,1,0,1,0,1,0,0,0,0,0,0,0,0,0,0,1,0,0,0,0,2,2,0,0,0,1,0,0,5,0,0,5,0,5,0,0,0,0,0,2,1,0,0,1,0,0,0,0,1,0,0,0,0,0,5,0,0,0,0,0,0,0,0,0,0,0,0,0,0,0,0,5,0,0,0,0,5,0,0,0,0,0,0,5,0,5,0,0,0,0,5,0,5,0,5,0,5,0,5,0,0,0,0,0,0,0,0,0,0,0,0,0,0,0,0,5,0,0,0,0,0,5,0,0,0,0,0,0,0,0,0,0,0,0,0,0,0,0,0,0,0,0,0,0,0,0,0,0,0,0,0,0,0,0,0,0,5,0,0,0,5,0,5,0,5,5,0,0,0,5,0,0,0,4,0,0,1,4,0,0,1,4,0,0,1,4,0,0,1,4,0,0,1,4,0,0,1,4,0,0,1,3,0,0,2,3,0,0,2,3,0,0,2,3,0,0,2,3,0,0,2,3,0,0,2,3,0,0,2,3,0,0,2,2,0,0,3,2,0,0,3,2,0,0,3,2,0,0,3,2,0,0,3,1,0,0,4,1,0,0,4,0,0,0,5,0,5,0,0,0,0,0,0,0,0,5,0,0,0,0,0,0,0,5,0,0,5,0,0,4,1,5,0,0.0,0.0,0.0,0.0,0.0,0.0,0.0,0.0,0.0,0.0,0.0,0.0,0.0,0.0,0.0,0.0,0.0,0.0,0.0,0
95,1095,15,0,0,0,2,0,0,0,0,0,0,0,0,0,0,0,0,0,0,2,1,0,0,0,0,0,1,0,0,0,3,0,0,0,0,0,0,0,1,0,1,0,0,3,0,0,0,0,1,0,0,0,0,0,0,0,0,1,0,0,0,0,0,0,0,4,0,0,0,0,0,0,0,0,0,3,0,0,0,0,0,0,0,0,0,0,1,0,0,1,0,0,0,0,0,0,0,0,0,0,0,0,4,0,0,1,0,0,0,0,1,0,0,1,0,0,0,1,0,0,1,0,0,0,1,0,0,0,0,4,0,1,0,0,0,2,3,0,0,5,0,3,2,0,0,0,0,2,0,0,0,0,3,0,0,0,0,0,0,0,0,0,5,0,0,0,0,0,0,0,0,0,0,0,0,0,0,0,0,5,0,0,0,0,5,0,0,0,0,0,0,5,0,5,0,0,0,1,4,3,2,0,5,0,5,0,5,0,0,0,0,0,0,0,0,0,0,0,2,0,0,0,0,3,0,0,0,0,0,5,0,0,0,0,0,0,0,0,0,0,0,0,0,0,0,0,0,0,0,0,1,0,0,0,0,0,0,0,1,0,0,0,0,0,3,0,0,2,3,0,5,2,3,5,0,0,0,4,0,0,1,3,1,0,1,3,1,0,1,2,2,0,1,4,0,0,1,4,0,0,1,4,0,0,1,4,0,0,1,4,0,0,1,3,0,0,2,3,0,0,2,3,0,0,2,3,0,0,2,3,0,0,2,3,0,0,2,2,1,0,2,3,0,0,2,2,1,0,2,3,0,0,2,3,0,0,2,3,0,0,2,3,0,0,2,2,0,0,3,0,0,0,5,0,5,0,0,0,0,0,0,0,4,1,0,0,0,0,0,0,2,3,0,0,5,0,0,2,3,1,4,0.0,0.0,0.0,0.0,0.0,0.0,0.0,0.0,0.0,0.0,0.0,0.0,0.0,0.0,0.0,0.0,0.0,0.0,0.0,1
96,860,36,3,0,1,0,0,1,0,0,0,1,0,0,0,1,1,0,0,0,0,0,0,1,0,2,0,0,0,0,0,3,0,1,1,0,0,0,0,0,1,0,0,0,1,0,0,1,2,0,0,1,0,0,0,0,1,1,0,0,1,0,0,0,1,1,1,0,0,2,0,2,0,0,0,0,2,0,0,0,0,1,2,1,0,0,0,0,1,0,0,1,0,0,1,1,0,0,0,1,0,0,0,1,1,1,0,2,0,0,0,1,1,1,2,0,0,0,1,0,0,0,1,0,0,1,0,0,0,1,4,0,1,0,2,0,1,7,0,0,8,1,7,0,0,0,0,0,5,1,0,1,0,0,1,0,0,0,0,0,0,0,0,8,0,0,0,0,0,0,0,0,0,0,0,0,0,1,0,0,7,0,0,0,0,8,0,0,0,0,0,0,8,0,8,0,0,0,1,7,1,7,0,8,0,8,0,8,0,1,0,0,0,0,0,0,0,1,0,0,0,0,0,0,6,0,0,0,0,0,7,0,0,1,0,0,0,0,0,0,0,0,0,0,0,0,0,0,0,0,0,1,1,0,0,0,0,0,0,0,0,0,0,0,0,6,0,0,2,6,1,7,2,6,7,0,0,1,5,2,0,1,6,1,0,1,5,2,0,1,5,1,0,2,3,2,0,3,3,1,0,4,2,2,0,4,4,0,0,4,3,0,0,5,3,0,0,5,3,0,0,5,2,0,0,6,2,0,0,6,2,0,0,6,2,0,0,6,2,0,0,6,2,0,0,6,2,0,0,6,2,0,0,6,2,0,0,6,2,0,0,6,2,0,0,6,2,0,0,6,2,0,0,6,0,8,0,0,0,0,0,0,0,1,7,0,0,0,0,2,0,2,4,0,0,8,0,0,7,1,7,1,0.0,0.0,0.0,0.0,0.0,0.0,0.0,0.0,0.0,0.0,0.0,0.0,0.0,0.0,0.0,0.0,0.0,0.0,0.0,1
97,29,15,0,1,0,0,1,1,0,0,0,0,0,0,1,0,0,0,0,0,1,0,0,0,0,0,0,0,0,0,0,3,0,0,0,2,0,0,0,0,0,0,0,0,1,0,0,0,2,0,0,0,0,0,0,1,0,1,1,0,0,0,0,0,0,0,1,0,0,2,0,0,0,0,1,0,1,0,1,0,1,0,0,1,0,0,1,0,0,0,0,0,0,0,0,0,0,0,0,1,1,0,1,1,1,0,0,0,0,1,0,0,0,0,1,0,0,0,0,0,0,0,0,1,1,1,0,0,0,0,2,2,0,1,0,1,1,3,0,0,5,0,4,1,1,0,0,0,1,1,0,0,0,2,0,0,0,0,0,0,0,0,0,5,0,0,0,0,0,0,0,0,0,0,0,0,0,0,0,0,5,0,0,0,0,5,0,0,0,0,0,0,5,0,5,0,0,0,0,5,1,4,0,5,0,5,0,5,0,1,0,0,0,0,0,0,0,0,0,0,0,0,0,0,3,0,1,0,0,0,5,0,0,0,0,0,0,0,0,0,0,0,0,0,0,0,0,0,0,0,0,0,0,0,0,0,0,0,0,0,0,0,0,0,0,5,0,0,2,3,0,5,1,4,5,0,0,0,4,0,0,1,4,0,0,1,3,1,0,1,4,0,0,1,2,0,0,3,2,0,0,3,2,0,0,3,2,0,0,3,2,0,0,3,1,0,0,4,1,0,0,4,0,0,0,5,0,0,0,5,0,0,0,5,0,0,0,5,0,0,0,5,0,0,0,5,0,0,0,5,0,0,0,5,0,0,0,5,0,0,0,5,0,0,0,5,0,0,0,5,0,0,0,5,0,5,0,0,0,0,0,0,0,2,3,0,0,0,0,2,0,1,2,0,0,5,0,0,4,1,4,1,0.0,0.0,0.0,0.0,0.0,0.0,0.0,0.0,0.0,0.0,0.0,0.0,0.0,0.0,0.0,0.0,0.0,0.0,0.0,0
98,610,28,1,0,0,0,2,0,1,0,0,0,1,0,0,1,1,0,0,0,0,0,0,0,0,0,0,0,0,0,1,5,0,0,0,1,0,0,0,0,0,1,2,0,2,0,0,0,1,0,0,0,0,0,0,1,0,0,0,0,0,0,0,1,1,1,1,1,0,0,0,0,1,1,0,0,2,0,0,0,1,1,0,0,0,0,1,0,1,0,0,1,0,0,0,0,0,0,1,1,0,0,1,1,1,2,0,0,0,0,0,1,0,0,1,0,1,0,0,1,0,0,0,0,3,0,0,0,0,0,2,1,4,0,0,0,0,7,0,0,7,0,7,0,0,0,0,1,2,0,0,1,0,0,0,1,0,2,0,0,0,0,0,7,0,0,0,0,0,0,0,0,0,0,0,0,0,0,0,0,7,0,0,0,0,7,0,0,0,0,0,0,7,0,7,0,0,0,0,7,0,7,0,7,0,7,0,7,0,0,0,0,0,0,0,0,0,0,0,0,0,0,0,0,7,0,0,0,0,0,7,0,0,0,0,0,0,0,0,0,0,0,0,0,0,0,0,0,0,0,0,0,0,0,0,0,0,0,0,0,0,0,0,0,0,7,0,0,0,7,0,7,0,7,7,0,0,0,7,0,0,0,7,0,0,0,6,0,0,1,6,0,0,1,6,0,0,1,5,0,0,2,5,0,0,2,5,0,0,2,5,0,0,2,5,0,0,2,5,0,0,2,5,0,0,2,4,0,0,3,4,0,0,3,4,0,0,3,4,0,0,3,4,0,0,3,4,0,0,3,3,0,0,4,3,0,0,4,3,0,0,4,3,0,0,4,3,0,0,4,0,0,0,7,0,7,0,0,0,0,0,0,0,1,6,0,0,0,0,1,0,2,4,0,0,7,0,0,5,2,6,1,0.0,0.0,0.0,0.0,0.0,0.0,0.0,0.0,0.0,0.0,0.0,0.0,0.0,0.0,0.0,0.0,0.0,0.0,0.0,1
99,5,10,1,0,0,0,0,0,0,1,0,1,0,0,0,0,0,0,0,0,0,1,2,0,0,0,0,0,0,0,0,2,0,0,0,0,0,0,0,0,0,1,0,0,0,0,0,2,0,0,0,0,0,1,0,0,0,0,1,0,0,0,0,0,1,0,1,0,0,0,0,0,0,0,1,0,0,0,0,0,1,0,2,0,0,0,0,1,0,0,0,0,0,0,1,0,0,0,0,0,0,0,1,2,0,0,0,0,0,0,0,0,0,0,0,0,0,0,2,1,0,0,0,0,1,0,0,0,0,0,2,2,0,0,0,0,1,3,0,0,4,3,1,0,0,0,0,0,2,1,0,0,0,0,0,1,0,0,0,0,0,0,0,4,0,0,0,0,0,0,0,0,0,0,0,0,0,0,0,0,4,0,0,0,0,4,0,0,0,0,0,0,4,0,4,0,0,0,0,4,3,1,0,4,0,4,0,4,0,0,0,0,0,0,0,1,0,0,0,0,0,0,0,0,3,0,0,0,0,0,3,0,0,0,0,0,0,0,0,0,0,0,0,1,0,0,0,0,1,0,0,1,0,0,0,0,0,0,0,0,0,0,0,0,0,2,0,0,1,3,1,3,3,1,3,1,0,0,2,2,0,0,4,0,0,0,3,1,0,0,3,0,0,1,3,0,0,1,2,0,0,2,1,0,0,3,1,0,0,3,1,0,0,3,1,0,0,3,1,0,0,3,0,1,0,3,1,0,0,3,1,0,0,3,1,0,0,3,1,0,0,3,1,0,0,3,1,0,0,3,1,0,0,3,1,0,0,3,1,0,0,3,1,0,0,3,1,0,0,3,0,0,0,4,0,4,0,0,0,0,0,0,0,1,2,0,1,0,0,1,0,0,3,0,0,4,0,0,4,0,3,1,0.0,0.0,0.0,0.0,0.0,0.0,0.0,0.0,0.0,0.0,0.0,0.0,0.0,0.0,0.0,0.0,0.0,0.0,0.0,0
